threshold,min_component_voxels,case_id,dice,precision,recall,gt_voxels,gt_category,pred_voxels,pred_category,tp,fp,fn,missed_positive,empty_false_positive
0.075,0,0020,0.24688561721404303,0.2809278350515464,0.2202020202020202,495,tiny,388,tiny,109,279,386,0,0
0.075,3,0020,0.24688561721404303,0.2809278350515464,0.2202020202020202,495,tiny,388,tiny,109,279,386,0,0
0.1,0,0020,0.23803967327887982,0.281767955801105,0.20606060606060606,495,tiny,362,tiny,102,260,393,0,0
0.1,3,0020,0.23803967327887982,0.281767955801105,0.20606060606060606,495,tiny,362,tiny,102,260,393,0,0
0.125,0,0020,0.22327790973871733,0.27089337175792505,0.1898989898989899,495,tiny,347,tiny,94,253,401,0,0
0.125,3,0020,0.22327790973871733,0.27089337175792505,0.1898989898989899,495,tiny,347,tiny,94,253,401,0,0
0.075,0,0021,0.6421568627450981,0.47985347985347987,0.9703703703703703,135,tiny,273,tiny,131,142,4,0,0
0.075,3,0021,0.6421568627450981,0.47985347985347987,0.9703703703703703,135,tiny,273,tiny,131,142,4,0,0
0.1,0,0021,0.6565656565656566,0.49808429118773945,0.9629629629629629,135,tiny,261,tiny,130,131,5,0,0
0.1,3,0021,0.6565656565656566,0.49808429118773945,0.9629629629629629,135,tiny,261,tiny,130,131,5,0,0
0.125,0,0021,0.6666666666666666,0.5119047619047619,0.9555555555555556,135,tiny,252,tiny,129,123,6,0,0
0.125,3,0021,0.6666666666666666,0.5119047619047619,0.9555555555555556,135,tiny,252,tiny,129,123,6,0,0
0.075,0,0029,0.6140901312036509,0.5202996616723055,0.7491301322199025,2898,small,4138,small,2153,1985,721,0,0
0.075,3,0029,0.6142653352353781,0.5205512572533849,0.7491301322199025,2898,small,4136,small,2153,1983,721,0,0
0.1,0,0029,0.6209112149532711,0.5349773527931555,0.7397355601948504,2898,small,3974,small,2126,1848,748,0,0
0.1,3,0029,0.6210926088226701,0.5352467270896274,0.7397355601948504,2898,small,3972,small,2126,1846,748,0,0
0.125,0,0029,0.6248327137546469,0.5455725785510257,0.7310368823938761,2898,small,3851,small,2101,1750,773,0,0
0.125,3,0029,0.6247953564518529,0.5459037711313394,0.7303409881697982,2898,small,3845,small,2099,1746,775,0,0
0.075,0,0036,0.5657878897315517,0.5758392550845381,0.5560814008518694,4226,small,4081,small,2350,1731,1876,0,0
0.075,3,0036,0.5654374548083876,0.5761296660117878,0.5551348793185045,4226,small,4072,small,2346,1726,1880,0,0
0.1,0,0036,0.5673950405106801,0.5895408163265307,0.5468528159015618,4226,small,3920,small,2311,1609,1915,0,0
0.1,3,0036,0.5674978503869303,0.5900383141762452,0.5466161855182206,4226,small,3915,small,2310,1605,1916,0,0
0.125,0,0036,0.5672763718366324,0.6027689030883919,0.5357311878845243,4226,small,3756,small,2264,1492,1962,0,0
0.125,3,0036,0.567489660358441,0.6032507327471356,0.5357311878845243,4226,small,3753,small,2264,1489,1962,0,0
0.075,0,0062,0.293854748603352,0.1795221843003413,0.8092307692307692,325,tiny,1465,small,263,1202,62,0,0
0.075,3,0062,0.2940190050307434,0.1796448087431694,0.8092307692307692,325,tiny,1464,small,263,1201,62,0,0
0.1,0,0062,0.3093396787626413,0.19174041297935104,0.8,325,tiny,1356,small,260,1096,65,0,0
0.1,3,0062,0.3093396787626413,0.19174041297935104,0.8,325,tiny,1356,small,260,1096,65,0,0
0.125,0,0062,0.3192960402262728,0.20063191153238547,0.7815384615384615,325,tiny,1266,small,254,1012,71,0,0
0.125,3,0062,0.3192960402262728,0.20063191153238547,0.7815384615384615,325,tiny,1266,small,254,1012,71,0,0
0.075,0,0073,0.34234234234234234,0.35403726708074534,0.3313953488372093,176,tiny,161,tiny,57,104,115,0,0
0.075,3,0073,0.34234234234234234,0.35403726708074534,0.3313953488372093,176,tiny,161,tiny,57,104,115,0,0
0.1,0,0073,0.3167701863354037,0.34,0.29651162790697677,176,tiny,150,tiny,51,99,121,0,0
0.1,3,0073,0.3167701863354037,0.34,0.29651162790697677,176,tiny,150,tiny,51,99,121,0,0
0.125,0,0073,0.28938906752411575,0.3237410071942446,0.2616279069767442,176,tiny,139,tiny,45,94,127,0,0
0.125,3,0073,0.2727272727272727,0.3088235294117647,0.2441860465116279,176,tiny,136,tiny,42,94,130,0,0
0.075,0,0097,0.01904761904761905,0.05714285714285714,0.011428571428571429,173,tiny,35,very_tiny,2,33,173,0,0
0.075,3,0097,0.01904761904761905,0.05714285714285714,0.011428571428571429,173,tiny,35,very_tiny,2,33,173,0,0
0.1,0,0097,0.01932367149758454,0.0625,0.011428571428571429,173,tiny,32,very_tiny,2,30,173,0,0
0.1,3,0097,0.01932367149758454,0.0625,0.011428571428571429,173,tiny,32,very_tiny,2,30,173,0,0
0.125,0,0097,0.01,0.04,0.005714285714285714,173,tiny,25,very_tiny,1,24,174,0,0
0.125,3,0097,0.01,0.04,0.005714285714285714,173,tiny,25,very_tiny,1,24,174,0,0
0.075,0,0108,0.6184254606365159,0.6257627118644068,0.6112582781456953,4530,small,4425,small,2769,1656,1761,0,0
0.075,3,0108,0.6184092940125112,0.6259611035730439,0.611037527593819,4530,small,4422,small,2768,1654,1762,0,0
0.1,0,0108,0.6203440027337965,0.6408566721581549,0.6011037527593819,4530,small,4249,small,2723,1526,1807,0,0
0.1,3,0108,0.6201868307131465,0.6407721280602636,0.6008830022075056,4530,small,4248,small,2722,1526,1808,0,0
0.125,0,0108,0.6198097889120854,0.6529814271749755,0.5898454746136865,4530,small,4092,small,2672,1420,1858,0,0
0.125,3,0108,0.6198816842593666,0.6531410413101931,0.5898454746136865,4530,small,4091,small,2672,1419,1858,0,0
0.075,0,0130,0.6317494600431965,0.5701754385964912,0.7082324455205811,826,tiny,1026,small,585,441,241,0,0
0.075,3,0130,0.6317494600431965,0.5701754385964912,0.7082324455205811,826,tiny,1026,small,585,441,241,0,0
0.1,0,0130,0.6293859649122807,0.5751503006012024,0.6949152542372882,826,tiny,998,tiny,574,424,252,0,0
0.1,3,0130,0.6293859649122807,0.5751503006012024,0.6949152542372882,826,tiny,998,tiny,574,424,252,0,0
0.125,0,0130,0.6282839575181666,0.5835929387331257,0.6803874092009685,826,tiny,963,tiny,562,401,264,0,0
0.125,3,0130,0.6278026905829597,0.5845511482254697,0.6779661016949152,826,tiny,958,tiny,560,398,266,0,0
0.075,0,0145,0.7382740876560004,0.737794065492375,0.7387547348484849,8447,large,8459,large,6241,2218,2207,0,0
0.075,3,0145,0.7383614315291334,0.7379685467659927,0.7387547348484849,8447,large,8457,large,6241,2216,2207,0,0
0.1,0,0145,0.7399447712810662,0.7506699147381243,0.7295217803030303,8447,large,8210,large,6163,2047,2285,0,0
0.1,3,0145,0.7399891937323648,0.7507613594834938,0.7295217803030303,8447,large,8209,large,6163,2046,2285,0,0
0.125,0,0145,0.7408710420963242,0.7597661109728788,0.7228929924242424,8447,large,8038,large,6107,1931,2341,0,0
0.125,3,0145,0.7408710420963242,0.7597661109728788,0.7228929924242424,8447,large,8038,large,6107,1931,2341,0,0
0.075,0,0157,0.6898007033997655,0.6219873150105708,0.7742105263157895,1906,small,2365,small,1471,894,429,0,0
0.075,3,0157,0.6906103286384977,0.6233050847457627,0.7742105263157895,1906,small,2360,small,1471,889,429,0,0
0.1,0,0157,0.6918118882788254,0.6330275229357798,0.7626315789473684,1906,small,2289,small,1449,840,451,0,0
0.1,3,0157,0.6924731182795699,0.6341356673960613,0.7626315789473684,1906,small,2285,small,1449,836,451,0,0
0.125,0,0157,0.6929632335037741,0.644766651563208,0.7489473684210526,1906,small,2207,small,1423,784,477,0,0
0.125,3,0157,0.6929632335037741,0.644766651563208,0.7489473684210526,1906,small,2207,small,1423,784,477,0,0
0.075,0,0167,0.7771880160415192,0.7244639912039582,0.8381885256328712,7861,large,9095,large,6589,2506,1272,0,0
0.075,3,0167,0.7771812872396908,0.7246424642464246,0.8379341050756901,7861,large,9090,large,6587,2503,1274,0,0
0.1,0,0167,0.7806216812839329,0.7350561797752809,0.8322096425391171,7861,large,8900,large,6542,2358,1319,0,0
0.1,3,0167,0.7805227354099534,0.7350792401933236,0.8319552219819362,7861,large,8897,large,6540,2357,1321,0,0
0.125,0,0167,0.7825090470446321,0.7440073402913178,0.8252130772166391,7861,large,8719,large,6487,2232,1374,0,0
0.125,3,0167,0.7824093623695482,0.7440339605323543,0.8249586566594581,7861,large,8716,large,6485,2231,1376,0,0
0.075,0,0169,0.4262061598718177,0.33296244784422807,0.5919881305637982,2022,small,3595,small,1197,2398,825,0,0
0.075,3,0169,0.4263579697239537,0.3331477873643195,0.5919881305637982,2022,small,3593,small,1197,2396,825,0,0
0.1,0,0169,0.4240529606472968,0.33752927400468385,0.5702274975272008,2022,small,3416,small,1153,2263,869,0,0
0.1,3,0169,0.42413095457053523,0.3376281112737921,0.5702274975272008,2022,small,3415,small,1153,2262,869,0,0
0.125,0,0169,0.42673229837182886,0.34570552147239264,0.5573689416419386,2022,small,3260,small,1127,2133,895,0,0
0.125,3,0169,0.42681310357886765,0.3458115986498926,0.5573689416419386,2022,small,3259,small,1127,2132,895,0,0
0.075,0,0204,0.3630987581312833,0.5443262411347518,0.2724046140195209,1128,small,564,tiny,307,257,820,0,0
0.075,3,0204,0.3630987581312833,0.5443262411347518,0.2724046140195209,1128,small,564,tiny,307,257,820,0,0
0.1,0,0204,0.36014405762304924,0.5565862708719852,0.26619343389529726,1128,small,539,tiny,300,239,827,0,0
0.1,3,0204,0.36014405762304924,0.5565862708719852,0.26619343389529726,1128,small,539,tiny,300,239,827,0,0
0.125,0,0204,0.3553668890236507,0.5613026819923371,0.25998225377107365,1128,small,522,tiny,293,229,834,0,0
0.125,3,0204,0.3553668890236507,0.5613026819923371,0.25998225377107365,1128,small,522,tiny,293,229,834,0,0
0.075,0,0212,0.2554027504911591,0.3125,0.2159468438538206,605,tiny,416,tiny,130,286,472,0,0
0.075,3,0212,0.2554027504911591,0.3125,0.2159468438538206,605,tiny,416,tiny,130,286,472,0,0
0.1,0,0212,0.2472582253240279,0.3092269326683292,0.2059800664451827,605,tiny,401,tiny,124,277,478,0,0
0.1,3,0212,0.2472582253240279,0.3092269326683292,0.2059800664451827,605,tiny,401,tiny,124,277,478,0,0
0.125,0,0212,0.24113475177304963,0.3090909090909091,0.19767441860465115,605,tiny,385,tiny,119,266,483,0,0
0.125,3,0212,0.2416243654822335,0.31070496083550914,0.19767441860465115,605,tiny,383,tiny,119,264,483,0,0
0.075,0,0220,0.5029940119760479,0.3451109285127362,0.9271523178807947,453,tiny,1217,small,420,797,33,0,0
0.075,3,0220,0.5035971223021583,0.345679012345679,0.9271523178807947,453,tiny,1215,small,420,795,33,0,0
0.1,0,0220,0.5195773772529522,0.3615916955017301,0.9227373068432672,453,tiny,1156,small,418,738,35,0,0
0.1,3,0220,0.5202240199128811,0.36221837088388215,0.9227373068432672,453,tiny,1154,small,418,736,35,0,0
0.125,0,0220,0.5299363057324841,0.37242614145031333,0.9183222958057395,453,tiny,1117,small,416,701,37,0,0
0.125,3,0220,0.5299363057324841,0.37242614145031333,0.9183222958057395,453,tiny,1117,small,416,701,37,0,0
0.075,0,0308,0.68478737395879,0.6239680426098535,0.7587435233160622,3110,small,3755,small,2343,1412,745,0,0
0.075,3,0308,0.6848032762907708,0.6244331821819151,0.7580958549222798,3110,small,3749,small,2341,1408,747,0,0
0.1,0,0308,0.6869526495472762,0.6341463414634146,0.7493523316062176,3110,small,3649,small,2314,1335,774,0,0
0.1,3,0308,0.6867666716174068,0.6342935528120713,0.7487046632124352,3110,small,3645,small,2312,1333,776,0,0
0.125,0,0308,0.6887716654107008,0.6442063715816183,0.739961139896373,3110,small,3547,small,2285,1262,803,0,0
0.125,3,0308,0.6888754899005125,0.6443880428652002,0.739961139896373,3110,small,3546,small,2285,1261,803,0,0
0.075,0,0310,0.6791029134353385,0.5918889294848374,0.7964601769911505,2034,small,2737,small,1620,1117,414,0,0
0.075,3,0310,0.6791029134353385,0.5918889294848374,0.7964601769911505,2034,small,2737,small,1620,1117,414,0,0
0.1,0,0310,0.6866054261909849,0.6071023800528901,0.7900688298918387,2034,small,2647,small,1607,1040,427,0,0
0.1,3,0310,0.6866054261909849,0.6071023800528901,0.7900688298918387,2034,small,2647,small,1607,1040,427,0,0
0.125,0,0310,0.6910516002612671,0.6201641266119577,0.7802359882005899,2034,small,2559,small,1587,972,447,0,0
0.125,3,0310,0.6913526464822479,0.6206491982792335,0.7802359882005899,2034,small,2557,small,1587,970,447,0,0
0.075,0,0351,0.5758620689655173,0.46005509641873277,0.7695852534562212,868,tiny,1452,small,668,784,200,0,0
0.075,3,0351,0.5766076823478636,0.4610075914423741,0.7695852534562212,868,tiny,1449,small,668,781,200,0,0
0.1,0,0351,0.5907059874888293,0.4824817518248175,0.761520737327189,868,tiny,1370,small,661,709,207,0,0
0.1,3,0351,0.5912343470483006,0.483187134502924,0.761520737327189,868,tiny,1368,small,661,707,207,0,0
0.125,0,0351,0.5958810068649886,0.49430523917995445,0.75,868,tiny,1317,small,651,666,217,0,0
0.125,3,0351,0.5964269354099863,0.4950570342205323,0.75,868,tiny,1315,small,651,664,217,0,0
0.075,0,0367,0.27895073576455537,0.7440273037542662,0.17165354330708663,1270,small,293,tiny,218,75,1052,0,0
0.075,3,0367,0.27692307692307694,0.7448275862068966,0.1700787401574803,1270,small,290,tiny,216,74,1054,0,0
0.1,0,0367,0.2511505588428665,0.7609561752988048,0.15039370078740158,1270,small,251,tiny,191,60,1079,0,0
0.1,3,0367,0.24554455445544554,0.7591836734693878,0.14645669291338584,1270,small,245,tiny,186,59,1084,0,0
0.125,0,0367,0.23112892451569805,0.762114537444934,0.13622047244094487,1270,small,227,tiny,173,54,1097,0,0
0.125,3,0367,0.23010033444816053,0.7644444444444445,0.13543307086614173,1270,small,225,tiny,172,53,1098,0,0
0.075,0,0387,0.7272727272727273,0.625,0.8695652173913043,23,very_tiny,32,very_tiny,20,12,3,0,0
0.075,3,0387,0.7272727272727273,0.625,0.8695652173913043,23,very_tiny,32,very_tiny,20,12,3,0,0
0.1,0,0387,0.7037037037037037,0.6129032258064516,0.8260869565217391,23,very_tiny,31,very_tiny,19,12,4,0,0
0.1,3,0387,0.7037037037037037,0.6129032258064516,0.8260869565217391,23,very_tiny,31,very_tiny,19,12,4,0,0
0.125,0,0387,0.7169811320754716,0.6333333333333333,0.8260869565217391,23,very_tiny,30,very_tiny,19,11,4,0,0
0.125,3,0387,0.7169811320754716,0.6333333333333333,0.8260869565217391,23,very_tiny,30,very_tiny,19,11,4,0,0
0.075,0,0399,0.622684139177587,0.6530805687203791,0.5949913644214162,3474,small,3165,small,2067,1098,1407,0,0
0.075,3,0399,0.622664255575648,0.6533839342188489,0.5947035118019574,3474,small,3162,small,2066,1096,1408,0,0
0.1,0,0399,0.6201621538932232,0.6617695070192622,0.5834772596430627,3474,small,3063,small,2027,1036,1447,0,0
0.1,3,0399,0.6201408019589838,0.6620915032679738,0.5831894070236039,3474,small,3060,small,2026,1034,1448,0,0
0.125,0,0399,0.6225946617008069,0.6754208754208754,0.5774323546344272,3474,small,2970,small,2006,964,1468,0,0
0.125,3,0399,0.6225741344511722,0.6757667677789012,0.5771445020149684,3474,small,2967,small,2005,962,1469,0,0
0.075,0,0408,0.6775005722133212,0.815726621348521,0.5793319415448852,7664,large,5443,large,4440,1003,3224,0,0
0.075,3,0408,0.6772026263551687,0.8161575266838424,0.5786795407098121,7664,large,5434,large,4435,999,3229,0,0
0.1,0,0408,0.6738727609635577,0.8252647503782148,0.5694154488517745,7664,large,5288,large,4364,924,3300,0,0
0.1,3,0408,0.6735687244070154,0.8257245690471681,0.5687630480167014,7664,large,5279,large,4359,920,3305,0,0
0.125,0,0408,0.6677086589559237,0.8324240062353858,0.55741127348643,7664,large,5132,large,4272,860,3392,0,0
0.125,3,0408,0.6673445443879547,0.8330404217926186,0.5566283924843424,7664,large,5121,large,4266,855,3398,0,0
0.075,0,0414,0.30446070332782627,0.19959771004177626,0.6414719045251119,2011,small,6463,large,1290,5173,721,0,0
0.075,3,0414,0.30492849544971046,0.2,0.6414719045251119,2011,small,6450,large,1290,5160,721,0,0
0.1,0,0414,0.3189318553974052,0.21356275303643724,0.6295375435106912,2011,small,5928,large,1266,4662,745,0,0
0.1,3,0414,0.3193340900491865,0.21392362284555594,0.6295375435106912,2011,small,5918,large,1266,4652,745,0,0
0.125,0,0414,0.33019493435883834,0.22513562386980107,0.6190949776230731,2011,small,5530,large,1245,4285,766,0,0
0.125,3,0414,0.3305894848645778,0.22550262633580873,0.6190949776230731,2011,small,5521,large,1245,4276,766,0,0
0.075,0,0420,0.8223834988540871,0.7537195869070541,0.9048119352805211,19036,large,22852,large,17224,5628,1812,0,0
0.075,3,0420,0.8224620380097412,0.7538515406162465,0.9048119352805211,19036,large,22848,large,17224,5624,1812,0,0
0.1,0,0420,0.8264990328820117,0.7656333990324314,0.8978777054002942,19036,large,22324,large,17092,5232,1944,0,0
0.1,3,0420,0.8265190164172248,0.7656676969941316,0.8978777054002942,19036,large,22323,large,17092,5231,1944,0,0
0.125,0,0420,0.8294852060885924,0.7753619878499978,0.8917314561882749,19036,large,21893,large,16975,4918,2061,0,0
0.125,3,0420,0.8294852060885924,0.7753619878499978,0.8917314561882749,19036,large,21893,large,16975,4918,2061,0,0
0.075,0,0450,0.46,0.4107142857142857,0.5227272727272727,44,very_tiny,56,tiny,23,33,21,0,0
0.075,3,0450,0.46,0.4107142857142857,0.5227272727272727,44,very_tiny,56,tiny,23,33,21,0,0
0.1,0,0450,0.4835164835164835,0.46808510638297873,0.5,44,very_tiny,47,very_tiny,22,25,22,0,0
0.1,3,0450,0.4835164835164835,0.46808510638297873,0.5,44,very_tiny,47,very_tiny,22,25,22,0,0
0.125,0,0450,0.49411764705882355,0.5121951219512195,0.4772727272727273,44,very_tiny,41,very_tiny,21,20,23,0,0
0.125,3,0450,0.49411764705882355,0.5121951219512195,0.4772727272727273,44,very_tiny,41,very_tiny,21,20,23,0,0
0.075,0,0452,0.594392523364486,0.49226006191950467,0.75,212,tiny,323,tiny,159,164,53,0,0
0.075,3,0452,0.594392523364486,0.49226006191950467,0.75,212,tiny,323,tiny,159,164,53,0,0
0.1,0,0452,0.6097087378640776,0.5181518151815182,0.7405660377358491,212,tiny,303,tiny,157,146,55,0,0
0.1,3,0452,0.6097087378640776,0.5181518151815182,0.7405660377358491,212,tiny,303,tiny,157,146,55,0,0
0.125,0,0452,0.6147704590818364,0.532871972318339,0.7264150943396226,212,tiny,289,tiny,154,135,58,0,0
0.125,3,0452,0.6147704590818364,0.532871972318339,0.7264150943396226,212,tiny,289,tiny,154,135,58,0,0
0.075,0,0467,0.8495302936074106,0.8616293738795565,0.8377663008392511,31023,large,30122,large,25954,4168,5026,0,0
0.075,3,0467,0.8494966854898109,0.8616968288228457,0.8376371852808263,31023,large,30115,large,25950,4165,5030,0,0
0.1,0,0467,0.8488544585462338,0.8672953856517346,0.8311814073595868,31023,large,29690,large,25750,3940,5230,0,0
0.1,3,0467,0.8488444927966241,0.867344876372701,0.8311168495803745,31023,large,29686,large,25748,3938,5232,0,0
0.125,0,0467,0.8481380111138758,0.8723767275209009,0.8252098127824403,31023,large,29305,large,25565,3740,5415,0,0
0.125,3,0467,0.8480947562250128,0.8723934336712058,0.8251129761136217,31023,large,29301,large,25562,3739,5418,0,0
0.075,0,0491,0.1565217391304348,1.0,0.08490566037735849,212,tiny,18,very_tiny,18,0,194,0,0
0.075,3,0491,0.14035087719298245,1.0,0.07547169811320754,212,tiny,16,very_tiny,16,0,196,0,0
0.1,0,0491,0.14035087719298245,1.0,0.07547169811320754,212,tiny,16,very_tiny,16,0,196,0,0
0.1,3,0491,0.12389380530973451,1.0,0.0660377358490566,212,tiny,14,very_tiny,14,0,198,0,0
0.125,0,0491,0.12389380530973451,1.0,0.0660377358490566,212,tiny,14,very_tiny,14,0,198,0,0
0.125,3,0491,0.11555555555555555,1.0,0.06132075471698113,212,tiny,13,very_tiny,13,0,199,0,0
0.075,0,0512,0.6691842900302115,0.5643312101910828,0.8218923933209648,536,tiny,785,tiny,443,342,96,0,0
0.075,3,0512,0.6707040121120363,0.5664961636828645,0.8218923933209648,536,tiny,782,tiny,443,339,96,0,0
0.1,0,0512,0.6733128834355828,0.5738562091503268,0.8144712430426716,536,tiny,765,tiny,439,326,100,0,0
0.1,3,0512,0.6748654880860876,0.5761154855643045,0.8144712430426716,536,tiny,762,tiny,439,323,100,0,0
0.125,0,0512,0.6802189210320563,0.5878378378378378,0.8070500927643784,536,tiny,740,tiny,435,305,104,0,0
0.125,3,0512,0.6812842599843383,0.5894308943089431,0.8070500927643784,536,tiny,738,tiny,435,303,104,0,0
0.075,0,0537,0.777090909090909,0.7280027253260658,0.8332776292335116,17927,large,20548,large,14959,5589,2993,0,0
0.075,3,0537,0.777090909090909,0.7280027253260658,0.8332776292335116,17927,large,20548,large,14959,5589,2993,0,0
0.1,0,0537,0.7768560217007716,0.7367500874169539,0.8215797682709447,17927,large,20019,large,14749,5270,3203,0,0
0.1,3,0537,0.7768207559594363,0.7368210663069005,0.8214126559714795,17927,large,20013,large,14746,5267,3206,0,0
0.125,0,0537,0.7762870680934888,0.7433975731620271,0.8122214795008913,17927,large,19614,large,14581,5033,3371,0,0
0.125,3,0537,0.776242579133722,0.7434093111009128,0.8121100713012478,17927,large,19611,large,14579,5032,3373,0,0
0.075,0,0546,0.004962779156327543,0.003355704697986577,0.009523809523809525,105,tiny,298,tiny,1,297,104,0,0
0.075,3,0546,0.005050505050505051,0.003436426116838488,0.009523809523809525,105,tiny,291,tiny,1,290,104,0,0
0.1,0,0546,0.005333333333333333,0.003703703703703704,0.009523809523809525,105,tiny,270,tiny,1,269,104,0,0
0.1,3,0546,0.005420054200542005,0.003787878787878788,0.009523809523809525,105,tiny,264,tiny,1,263,104,0,0
0.125,0,0546,0.0,0.0,0.0,105,tiny,239,tiny,0,239,105,0,0
0.125,3,0546,0.0,0.0,0.0,105,tiny,236,tiny,0,236,105,0,0
0.075,0,0558,0.7847514040369538,0.7116307213554047,0.8746193073163822,56476,large,69411,large,49395,20016,7081,0,0
0.075,3,0558,0.7847570324353953,0.7116634248253008,0.8745838940434875,56476,large,69405,large,49393,20012,7083,0,0
0.1,0,0558,0.7882798338065675,0.7205343265198393,0.870086408385863,56476,large,68198,large,49139,19059,7337,0,0
0.1,3,0558,0.7882701146198455,0.7205302286024312,0.8700687017494156,56476,large,68197,large,49138,19059,7338,0,0
0.125,0,0558,0.7914935579301314,0.7281312275066179,0.8669346270982364,56476,large,67242,large,48961,18281,7515,0,0
0.125,3,0558,0.7915063532606939,0.7281528851873884,0.8669346270982364,56476,large,67240,large,48961,18279,7515,0,0
0.075,0,0574,0.5631240292877746,0.4412378303198887,0.7780502759043532,1631,small,2876,small,1269,1607,362,0,0
0.075,3,0574,0.5633740288568257,0.44154488517745305,0.7780502759043532,1631,small,2874,small,1269,1605,362,0,0
0.1,0,0574,0.569683257918552,0.45141627823592684,0.7719190680564071,1631,small,2789,small,1259,1530,372,0,0
0.1,3,0574,0.569683257918552,0.45141627823592684,0.7719190680564071,1631,small,2789,small,1259,1530,372,0,0
0.125,0,0574,0.5768876611418048,0.46185035016586806,0.7682403433476395,1631,small,2713,small,1253,1460,378,0,0
0.125,3,0574,0.5768876611418048,0.46185035016586806,0.7682403433476395,1631,small,2713,small,1253,1460,378,0,0
0.075,0,0577,0.779672411685613,0.7966652095172673,0.7633893842379271,16687,large,16013,large,12757,3256,3954,0,0
0.075,3,0577,0.7796962381199768,0.7967149637771671,0.7633893842379271,16687,large,16012,large,12757,3255,3954,0,0
0.1,0,0577,0.7777983920841064,0.8047219911702604,0.7526180360241757,16687,large,15629,large,12577,3052,4134,0,0
0.1,3,0577,0.7777983920841064,0.8047219911702604,0.7526180360241757,16687,large,15629,large,12577,3052,4134,0,0
0.125,0,0577,0.7771346328337662,0.8143606557377049,0.7431631859254383,16687,large,15250,large,12419,2831,4292,0,0
0.125,3,0577,0.7771589486858573,0.8144140599383566,0.7431631859254383,16687,large,15249,large,12419,2830,4292,0,0
0.075,0,0606,0.7093377666943752,0.676175382989963,0.745920745920746,1716,small,1893,small,1280,613,436,0,0
0.075,3,0606,0.7095343680709535,0.6765327695560254,0.745920745920746,1716,small,1892,small,1280,612,436,0,0
0.1,0,0606,0.7125528913963328,0.6905412793876435,0.736013986013986,1716,small,1829,small,1263,566,453,0,0
0.1,3,0606,0.7127539503386005,0.6909190371991247,0.736013986013986,1716,small,1828,small,1263,565,453,0,0
0.125,0,0606,0.7140816909454442,0.7002801120448179,0.7284382284382285,1716,small,1785,small,1250,535,466,0,0
0.125,3,0606,0.7142857142857143,0.7006726457399103,0.7284382284382285,1716,small,1784,small,1250,534,466,0,0
0.075,0,0625,0.6322025066505773,0.6180160857908847,0.6470555212485264,17813,large,18650,large,11526,7124,6287,0,0
0.075,3,0625,0.6322371849373303,0.618082368082368,0.6470555212485264,17813,large,18648,large,11526,7122,6287,0,0
0.1,0,0625,0.6323230636497732,0.6270007727122199,0.6377364845899063,17813,large,18118,large,11360,6758,6453,0,0
0.1,3,0625,0.6323934645252874,0.6271392293253837,0.6377364845899063,17813,large,18114,large,11360,6754,6453,0,0
0.125,0,0625,0.6321039136682539,0.634517479352868,0.6297086397574805,17813,large,17678,large,11217,6461,6596,0,0
0.125,3,0625,0.6321217244294167,0.6345533744413645,0.6297086397574805,17813,large,17677,large,11217,6460,6596,0,0
0.075,0,0667,0.6848446417247939,0.5966850828729282,0.8035714285714286,672,tiny,905,tiny,540,365,132,0,0
0.075,3,0667,0.6857142857142857,0.5980066445182725,0.8035714285714286,672,tiny,903,tiny,540,363,132,0,0
0.1,0,0667,0.6921581335061568,0.6130884041331802,0.7946428571428571,672,tiny,871,tiny,534,337,138,0,0
0.1,3,0667,0.6921581335061568,0.6130884041331802,0.7946428571428571,672,tiny,871,tiny,534,337,138,0,0
0.125,0,0667,0.6923076923076923,0.6244019138755981,0.7767857142857143,672,tiny,836,tiny,522,314,150,0,0
0.125,3,0667,0.6923076923076923,0.6244019138755981,0.7767857142857143,672,tiny,836,tiny,522,314,150,0,0
0.075,0,0702,0.28993082244427365,0.7214996174445295,0.18141592920353983,5204,large,1307,small,943,364,4255,0,0
0.075,3,0702,0.29001999077348917,0.7226053639846743,0.18141592920353983,5204,large,1305,small,943,362,4255,0,0
0.1,0,0702,0.28081658095683343,0.7391304347826086,0.17333589842247019,5204,large,1219,small,901,318,4297,0,0
0.1,3,0702,0.280947926410976,0.740953947368421,0.17333589842247019,5204,large,1216,small,901,315,4297,0,0
0.125,0,0702,0.27244094488188975,0.7508680555555556,0.16641015775298193,5204,large,1152,small,865,287,4333,0,0
0.125,3,0702,0.27198235108729907,0.7517421602787456,0.16602539438245478,5204,large,1148,small,863,285,4335,0,0
0.075,0,0712,0.0,0.0,0.0,581,tiny,3,very_tiny,0,3,581,0,0
0.075,3,0712,0.0,0.0,0.0,581,tiny,0,empty,0,0,581,1,0
0.1,0,0712,0.0,0.0,0.0,581,tiny,2,very_tiny,0,2,581,0,0
0.1,3,0712,0.0,0.0,0.0,581,tiny,0,empty,0,0,581,1,0
0.125,0,0712,0.0,0.0,0.0,581,tiny,1,very_tiny,0,1,581,0,0
0.125,3,0712,0.0,0.0,0.0,581,tiny,0,empty,0,0,581,1,0
0.075,0,0729,0.0,0.0,0.0,107,tiny,1,very_tiny,0,1,107,0,0
0.075,3,0729,0.0,0.0,0.0,107,tiny,0,empty,0,0,107,1,0
0.1,0,0729,0.0,0.0,0.0,107,tiny,1,very_tiny,0,1,107,0,0
0.1,3,0729,0.0,0.0,0.0,107,tiny,0,empty,0,0,107,1,0
0.125,0,0729,0.0,0.0,0.0,107,tiny,0,empty,0,0,107,1,0
0.125,3,0729,0.0,0.0,0.0,107,tiny,0,empty,0,0,107,1,0
0.075,0,0731,0.7709585121602289,0.691518029000385,0.8710198803943753,6187,large,7793,large,5389,2404,798,0,0
0.075,3,0731,0.7710688224352554,0.6916955461429855,0.8710198803943753,6187,large,7791,large,5389,2402,798,0,0
0.1,0,0731,0.7766027277368536,0.7076023391812866,0.8605139809277518,6187,large,7524,large,5324,2200,863,0,0
0.1,3,0731,0.7768293572627125,0.7079787234042553,0.8605139809277518,6187,large,7520,large,5324,2196,863,0,0
0.125,0,0731,0.7824091211964167,0.7218579234972677,0.8540488120252142,6187,large,7320,large,5284,2036,903,0,0
0.125,3,0731,0.7821642841271017,0.7219031993437244,0.8534022951349604,6187,large,7314,large,5280,2034,907,0,0
0.075,0,0738,0.7469388807259042,0.7639335618244134,0.7306838813798668,39658,large,37930,large,28976,8954,10680,0,0
0.075,3,0738,0.7469994456548363,0.7641706011130747,0.7305830139197095,39658,large,37913,large,28972,8941,10684,0,0
0.1,0,0738,0.7456317292327037,0.7757699645680022,0.7177476296146863,39658,large,36690,large,28463,8227,11193,0,0
0.1,3,0738,0.7456929869381231,0.7760205055490416,0.7176467621545289,39658,large,36673,large,28459,8214,11197,0,0
0.125,0,0738,0.7434076944514485,0.784631761772698,0.7062991728868268,39658,large,35697,large,28009,7688,11647,0,0
0.125,3,0738,0.7434798189612837,0.7848236052343991,0.7062739560217873,39658,large,35687,large,28008,7679,11648,0,0
0.075,0,0744,0.6488340000836342,0.5096793973370708,0.8925106415615294,26075,large,45664,large,23274,22390,2803,0,0
0.075,3,0744,0.6488882693245974,0.5097463752244952,0.8925106415615294,26075,large,45658,large,23274,22384,2803,0,0
0.1,0,0744,0.661956662215138,0.5291079381111978,0.8838823484296506,26075,large,43562,large,23049,20513,3028,0,0
0.1,3,0744,0.6620707484165625,0.5292537313432836,0.8838823484296506,26075,large,43550,large,23049,20501,3028,0,0
0.125,0,0744,0.6730885363734112,0.5464176391811747,0.8762127545346474,26075,large,41816,large,22849,18967,3228,0,0
0.125,3,0744,0.6731582281278081,0.5465244223317227,0.8761744065651724,26075,large,41806,large,22848,18958,3229,0,0
0.075,0,0772,0.5314009661835749,0.43052837573385516,0.694006309148265,319,tiny,511,tiny,220,291,97,0,0
0.075,3,0772,0.5314009661835749,0.43052837573385516,0.694006309148265,319,tiny,511,tiny,220,291,97,0,0
0.1,0,0772,0.5373134328358209,0.44353182751540043,0.6813880126182965,319,tiny,487,tiny,216,271,101,0,0
0.1,3,0772,0.5379825653798257,0.4444444444444444,0.6813880126182965,319,tiny,486,tiny,216,270,101,0,0
0.125,0,0772,0.5387547649301143,0.451063829787234,0.668769716088328,319,tiny,470,tiny,212,258,105,0,0
0.125,3,0772,0.539440203562341,0.4520255863539446,0.668769716088328,319,tiny,469,tiny,212,257,105,0,0
0.075,0,0788,0.746480567922031,0.6631924957909083,0.8536929374935498,29069,large,37419,large,24816,12603,4253,0,0
0.075,3,0788,0.7465367086322819,0.6632811247126744,0.8536929374935498,29069,large,37414,large,24816,12598,4253,0,0
0.1,0,0788,0.7506704046806436,0.6737412137953669,0.8474319722040662,29069,large,36563,large,24634,11929,4435,0,0
0.1,3,0788,0.750693280511961,0.6737780695276387,0.8474319722040662,29069,large,36561,large,24634,11927,4435,0,0
0.125,0,0788,0.754155434029115,0.6828655916978185,0.8420654305273659,29069,large,35846,large,24478,11368,4591,0,0
0.125,3,0788,0.7542019072268182,0.682941800122761,0.8420654305273659,29069,large,35842,large,24478,11364,4591,0,0
0.075,0,0833,0.17777777777777778,1.0,0.0975609756097561,246,tiny,24,very_tiny,24,0,222,0,0
0.075,3,0833,0.17777777777777778,1.0,0.0975609756097561,246,tiny,24,very_tiny,24,0,222,0,0
0.1,0,0833,0.12927756653992395,1.0,0.06910569105691057,246,tiny,17,very_tiny,17,0,229,0,0
0.1,3,0833,0.12213740458015267,1.0,0.06504065040650407,246,tiny,16,very_tiny,16,0,230,0,0
0.125,0,0833,0.032,1.0,0.016260162601626018,246,tiny,4,very_tiny,4,0,242,0,0
0.125,3,0833,0.0,0.0,0.0,246,tiny,0,empty,0,0,246,1,0
0.075,0,0837,0.0,0.0,0.0,83,tiny,2,very_tiny,0,2,83,0,0
0.075,3,0837,0.0,0.0,0.0,83,tiny,0,empty,0,0,83,1,0
0.1,0,0837,0.0,0.0,0.0,83,tiny,1,very_tiny,0,1,83,0,0
0.1,3,0837,0.0,0.0,0.0,83,tiny,0,empty,0,0,83,1,0
0.125,0,0837,0.0,0.0,0.0,83,tiny,1,very_tiny,0,1,83,0,0
0.125,3,0837,0.0,0.0,0.0,83,tiny,0,empty,0,0,83,1,0
0.075,0,0842,0.8326219298859422,0.7492247390873172,0.9369106907344343,50801,large,63527,large,47596,15931,3205,0,0
0.075,3,0842,0.8326554176398037,0.7492915617128464,0.9368910060825574,50801,large,63520,large,47595,15925,3206,0,0
0.1,0,0842,0.8371245944249454,0.7598138340555288,0.9319501584614476,50801,large,62310,large,47344,14966,3457,0,0
0.1,3,0842,0.8371467977508222,0.7598504180910652,0.9319501584614476,50801,large,62307,large,47344,14963,3457,0,0
0.125,0,0842,0.8402913357046705,0.7679234830215733,0.9277179583079074,50801,large,61372,large,47129,14243,3672,0,0
0.125,3,0842,0.8403138093964518,0.767961022666167,0.9277179583079074,50801,large,61369,large,47129,14240,3672,0,0
0.075,0,0877,0.8130246756550497,0.7776155717761557,0.8518123667377399,1867,small,2055,small,1598,457,278,0,0
0.075,3,0877,0.8130246756550497,0.7776155717761557,0.8518123667377399,1867,small,2055,small,1598,457,278,0,0
0.1,0,0877,0.8128700128700128,0.7859631657541065,0.841684434968017,1867,small,2009,small,1579,430,297,0,0
0.1,3,0877,0.8128700128700128,0.7859631657541065,0.841684434968017,1867,small,2009,small,1579,430,297,0,0
0.125,0,0877,0.8101924076963078,0.7908629441624365,0.8304904051172708,1867,small,1970,small,1558,412,318,0,0
0.125,3,0877,0.8101924076963078,0.7908629441624365,0.8304904051172708,1867,small,1970,small,1558,412,318,0,0
0.075,0,0891,0.4928571428571429,0.5907534246575342,0.4227941176470588,816,tiny,584,tiny,345,239,471,0,0
0.075,3,0891,0.49140401146131807,0.5913793103448276,0.42034313725490197,816,tiny,580,tiny,343,237,473,0,0
0.1,0,0891,0.4870848708487085,0.6122448979591837,0.40441176470588236,816,tiny,539,tiny,330,209,486,0,0
0.1,3,0891,0.4881656804733728,0.6156716417910447,0.40441176470588236,816,tiny,536,tiny,330,206,486,0,0
0.125,0,0891,0.48042168674698793,0.623046875,0.3909313725490196,816,tiny,512,tiny,319,193,497,0,0
0.125,3,0891,0.4826021180030257,0.6304347826086957,0.3909313725490196,816,tiny,506,tiny,319,187,497,0,0
0.075,0,0894,0.6885135000696393,0.6229567221142075,0.7694907716255281,22485,large,27774,large,17302,10472,5183,0,0
0.075,3,0894,0.6887327587922696,0.6233158008502053,0.7694907716255281,22485,large,27758,large,17302,10456,5183,0,0
0.1,0,0894,0.6905748055359128,0.6327286190299889,0.7600622637313764,22485,large,27010,large,17090,9920,5395,0,0
0.1,3,0894,0.6906070649098699,0.6328752916774696,0.7599288414498555,22485,large,26999,large,17087,9912,5398,0,0
0.125,0,0894,0.692892101652571,0.6420980719599211,0.7524127195908383,22485,large,26348,large,16918,9430,5567,0,0
0.125,3,0894,0.6929253205522101,0.6422523446102442,0.7522792973093173,22485,large,26337,large,16915,9422,5570,0,0
0.075,0,0911,0.5094170403587444,0.3652733118971061,0.8414814814814815,675,tiny,1555,small,568,987,107,0,0
0.075,3,0911,0.509645580978017,0.3655083655083655,0.8414814814814815,675,tiny,1554,small,568,986,107,0,0
0.1,0,0911,0.5146520146520146,0.3724320742213386,0.8325925925925926,675,tiny,1509,small,562,947,113,0,0
0.1,3,0911,0.5148877691250573,0.3726790450928382,0.8325925925925926,675,tiny,1508,small,562,946,113,0,0
0.125,0,0911,0.519795062878435,0.37907608695652173,0.8266666666666667,675,tiny,1472,small,558,914,117,0,0
0.125,3,0911,0.5200372786579683,0.37933378653976885,0.8266666666666667,675,tiny,1471,small,558,913,117,0,0
0.075,0,0922,0.5212978625249884,0.3976073187895848,0.7566964285714286,2245,small,4263,small,1695,2568,545,0,0
0.075,3,0922,0.5217792827458827,0.3981677237491191,0.7566964285714286,2245,small,4257,small,1695,2562,545,0,0
0.1,0,0922,0.5310181531176006,0.41074481074481073,0.7508928571428571,2245,small,4095,small,1682,2413,558,0,0
0.1,3,0922,0.5311858518869415,0.4109455167358905,0.7508928571428571,2245,small,4093,small,1682,2411,558,0,0
0.125,0,0922,0.5395033860045146,0.42226148409893993,0.746875,2245,small,3962,small,1673,2289,567,0,0
0.125,3,0922,0.5395033860045146,0.42226148409893993,0.746875,2245,small,3962,small,1673,2289,567,0,0
0.075,0,0945,0.7140232700551132,0.7464788732394366,0.6842723004694836,5102,large,4686,small,3498,1188,1614,0,0
0.075,3,0945,0.7142711206456226,0.7474877057943126,0.6838810641627543,5102,large,4677,small,3496,1181,1616,0,0
0.1,0,0945,0.7143449419568823,0.7597001763668431,0.6741001564945227,5102,large,4536,small,3446,1090,1666,0,0
0.1,3,0945,0.715531561461794,0.7623893805309735,0.6741001564945227,5102,large,4520,small,3446,1074,1666,0,0
0.125,0,0945,0.7145108752758222,0.771850170261067,0.6651017214397497,5102,large,4405,small,3400,1005,1712,0,0
0.125,3,0945,0.7151119991586917,0.7732544916988856,0.6651017214397497,5102,large,4397,small,3400,997,1712,0,0
0.075,0,0951,0.7842774566473989,0.7695099818511797,0.7996228194247996,2121,small,2204,small,1696,508,425,0,0
0.075,3,0951,0.7842774566473989,0.7695099818511797,0.7996228194247996,2121,small,2204,small,1696,508,425,0,0
0.1,0,0951,0.7851433944522802,0.782934833567745,0.7873644507307873,2121,small,2133,small,1670,463,451,0,0
0.1,3,0951,0.7851433944522802,0.782934833567745,0.7873644507307873,2121,small,2133,small,1670,463,451,0,0
0.125,0,0951,0.7836229469174006,0.7913461538461538,0.776049033474776,2121,small,2080,small,1646,434,475,0,0
0.125,3,0951,0.7836229469174006,0.7913461538461538,0.776049033474776,2121,small,2080,small,1646,434,475,0,0
0.075,0,0982,0.7017543859649122,0.717948717948718,0.6862745098039216,204,tiny,195,tiny,140,55,64,0,0
0.075,3,0982,0.7017543859649122,0.717948717948718,0.6862745098039216,204,tiny,195,tiny,140,55,64,0,0
0.1,0,0982,0.710997442455243,0.7433155080213903,0.6813725490196079,204,tiny,187,tiny,139,48,65,0,0
0.1,3,0982,0.710997442455243,0.7433155080213903,0.6813725490196079,204,tiny,187,tiny,139,48,65,0,0
0.125,0,0982,0.7028423772609819,0.7431693989071039,0.6666666666666666,204,tiny,183,tiny,136,47,68,0,0
0.125,3,0982,0.7028423772609819,0.7431693989071039,0.6666666666666666,204,tiny,183,tiny,136,47,68,0,0
0.075,0,1031,0.35392829900839057,0.6298642533936651,0.24611032531824611,2828,small,1105,small,696,409,2132,0,0
0.075,3,1031,0.3543788187372709,0.6327272727272727,0.24611032531824611,2828,small,1100,small,696,404,2132,0,0
0.1,0,1031,0.3502446561936647,0.6445497630331753,0.24045261669024046,2828,small,1055,small,680,375,2148,0,0
0.1,3,1031,0.35051546391752575,0.6463878326996197,0.24045261669024046,2828,small,1052,small,680,372,2148,0,0
0.125,0,1031,0.34308093994778066,0.655688622754491,0.23231966053748232,2828,small,1002,small,657,345,2171,0,0
0.125,3,1031,0.34352941176470586,0.6589769307923772,0.23231966053748232,2828,small,997,tiny,657,340,2171,0,0
0.075,0,1038,0.8347777152504221,0.8034882461271802,0.8686028808994027,8539,large,9231,large,7417,1814,1122,0,0
0.075,3,1038,0.8348246946930047,0.8035752979414951,0.8686028808994027,8539,large,9230,large,7417,1813,1122,0,0
0.1,0,1038,0.8350673716527375,0.8114917127071823,0.8600538704766366,8539,large,9050,large,7344,1706,1195,0,0
0.1,3,1038,0.8350673716527375,0.8114917127071823,0.8600538704766366,8539,large,9050,large,7344,1706,1195,0,0
0.125,0,1038,0.834298824204187,0.81755845323741,0.8517390795175079,8539,large,8896,large,7273,1623,1266,0,0
0.125,3,1038,0.834298824204187,0.81755845323741,0.8517390795175079,8539,large,8896,large,7273,1623,1266,0,0
0.075,0,1059,0.656632076440974,0.678522136107867,0.6361102816761223,10047,large,9419,large,6391,3028,3656,0,0
0.075,3,1059,0.6566658104289751,0.6785941813548524,0.6361102816761223,10047,large,9418,large,6391,3027,3656,0,0
0.1,0,1059,0.6545814450174506,0.6866666666666666,0.6253608042201653,10047,large,9150,large,6283,2867,3764,0,0
0.1,3,1059,0.6546496483459234,0.6868167905553126,0.6253608042201653,10047,large,9148,large,6283,2865,3764,0,0
0.125,0,1059,0.6528502874017824,0.6942575145805294,0.6161043097442023,10047,large,8916,large,6190,2726,3857,0,0
0.125,3,1059,0.6528847168020251,0.6943353897924845,0.6161043097442023,10047,large,8915,large,6190,2725,3857,0,0
0.075,0,1066,0.816,0.7110328054082004,0.9573266637444241,38763,large,52217,large,37128,15089,1655,0,0
0.075,3,1066,0.8160318262742599,0.7110953630461014,0.9573008792512183,38763,large,52211,large,37127,15084,1656,0,0
0.1,0,1066,0.820990050689353,0.7203838517538055,0.9542583090529355,38763,large,51374,large,37009,14365,1774,0,0
0.1,3,1066,0.820976973246373,0.7203784088918304,0.9542325245597297,38763,large,51373,large,37008,14365,1775,0,0
0.125,0,1066,0.8249645326690423,0.7277869757174393,0.9520924116236495,38763,large,50736,large,36925,13811,1858,0,0
0.125,3,1066,0.8249790537898676,0.7278246471654971,0.9520666271304438,38763,large,50732,large,36924,13808,1859,0,0
0.075,0,1090,0.2956476950811228,0.6363636363636364,0.1925528346192553,2981,small,902,tiny,574,328,2407,0,0
0.075,3,1090,0.29580005153311,0.6377777777777778,0.1925528346192553,2981,small,900,tiny,574,326,2407,0,0
0.1,0,1090,0.29096557079989643,0.63718820861678,0.18852733981885272,2981,small,882,tiny,562,320,2419,0,0
0.1,3,1090,0.2911162911162911,0.6386363636363637,0.18852733981885272,2981,small,880,tiny,562,318,2419,0,0
0.125,0,1090,0.28690662493479396,0.6447831184056272,0.18450184501845018,2981,small,853,tiny,550,303,2431,0,0
0.125,3,1090,0.2869814766501435,0.6455399061032864,0.18450184501845018,2981,small,852,tiny,550,302,2431,0,0
0.075,0,1091,0.6757246376811594,0.7131931166347992,0.6419965576592083,581,tiny,523,tiny,373,150,208,0,0
0.075,3,1091,0.6739327883742052,0.7134615384615385,0.6385542168674698,581,tiny,520,tiny,371,149,210,0,0
0.1,0,1091,0.6764705882352942,0.7258382642998028,0.6333907056798623,581,tiny,507,tiny,368,139,213,0,0
0.1,3,1091,0.6764705882352942,0.7258382642998028,0.6333907056798623,581,tiny,507,tiny,368,139,213,0,0
0.125,0,1091,0.6740947075208914,0.7318548387096774,0.6247848537005164,581,tiny,496,tiny,363,133,218,0,0
0.125,3,1091,0.6740947075208914,0.7318548387096774,0.6247848537005164,581,tiny,496,tiny,363,133,218,0,0
0.075,0,1105,0.0,0.0,0.0,153,tiny,10,very_tiny,0,10,153,0,0
0.075,3,1105,0.0,0.0,0.0,153,tiny,10,very_tiny,0,10,153,0,0
0.1,0,1105,0.0,0.0,0.0,153,tiny,7,very_tiny,0,7,153,0,0
0.1,3,1105,0.0,0.0,0.0,153,tiny,7,very_tiny,0,7,153,0,0
0.125,0,1105,0.0,0.0,0.0,153,tiny,4,very_tiny,0,4,153,0,0
0.125,3,1105,0.0,0.0,0.0,153,tiny,4,very_tiny,0,4,153,0,0
0.075,0,1120,0.8369665576438553,0.7721504367285065,0.9136614448980986,58537,large,69265,large,53483,15782,5054,0,0
0.075,3,1120,0.8369796557120501,0.7721727329165644,0.9136614448980986,58537,large,69263,large,53483,15780,5054,0,0
0.1,0,1120,0.838880567599527,0.778856147438994,0.9089293950834515,58537,large,68313,large,53206,15107,5331,0,0
0.1,3,1120,0.8388871808212914,0.778867548893313,0.9089293950834515,58537,large,68312,large,53206,15106,5331,0,0
0.125,0,1120,0.8397366751269035,0.7837525724353375,0.9043340109674223,58537,large,67543,large,52937,14606,5600,0,0
0.125,3,1120,0.8397366751269035,0.7837525724353375,0.9043340109674223,58537,large,67543,large,52937,14606,5600,0,0
0.075,0,1127,0.7455832602430773,0.676231604068413,0.8307853403141361,14325,large,17599,large,11901,5698,2424,0,0
0.075,3,1127,0.7456299730593321,0.6763084616696028,0.8307853403141361,14325,large,17597,large,11901,5696,2424,0,0
0.1,0,1127,0.7479989836107229,0.6862288012121919,0.8219895287958116,14325,large,17159,large,11775,5384,2550,0,0
0.1,3,1127,0.7480382501509039,0.6863922574626866,0.8218499127399651,14325,large,17152,large,11773,5379,2552,0,0
0.125,0,1127,0.7504738651331642,0.6951553386501607,0.8153577661431065,14325,large,16802,large,11680,5122,2645,0,0
0.125,3,1127,0.7505542881012821,0.6953441295546559,0.8152879581151833,14325,large,16796,large,11679,5117,2646,0,0
