fold,split,case_id,component_index,component_voxels,center_i,center_j,center_k,centroid_i,centroid_j,centroid_k,max_prob,mean_prob,threshold,min_component_voxels,image_i,image_j,image_k,checkpoints
1,train,0033,1,3,125,140,143,124.33333333333333,140.33333333333334,143.0,0.19933444261550903,0.1860724836587906,0.1,3,259,259,256,best_tr_f1_kpcyjb66.pt|best_gt50.pt|best_tiny.pt|best_714109.pt
1,train,0033,2,3,129,129,144,128.66666666666666,129.33333333333334,144.0,0.17608609795570374,0.15901987254619598,0.1,3,259,259,256,best_tr_f1_kpcyjb66.pt|best_gt50.pt|best_tiny.pt|best_714109.pt
1,train,0033,3,4,186,137,127,186.0,137.5,126.0,0.15467317402362823,0.1393006592988968,0.1,3,259,259,256,best_tr_f1_kpcyjb66.pt|best_gt50.pt|best_tiny.pt|best_714109.pt
1,train,0040,3,34,147,158,183,147.55882352941177,158.11764705882354,182.2058823529412,0.9998968839645386,0.7273132801055908,0.1,3,256,256,256,best_tr_f1_kpcyjb66.pt|best_gt50.pt|best_tiny.pt|best_714109.pt
1,train,0040,2,5,134,163,162,133.6,163.8,162.0,0.8051806688308716,0.4618375897407532,0.1,3,256,256,256,best_tr_f1_kpcyjb66.pt|best_gt50.pt|best_tiny.pt|best_714109.pt
1,train,0040,1,10,129,162,161,128.8,162.3,161.0,0.36745747923851013,0.26683497428894043,0.1,3,256,256,256,best_tr_f1_kpcyjb66.pt|best_gt50.pt|best_tiny.pt|best_714109.pt
1,train,0089,3,6,163,160,137,163.16666666666666,159.66666666666666,137.16666666666666,0.8027709722518921,0.3686407506465912,0.1,3,256,256,256,best_tr_f1_kpcyjb66.pt|best_gt50.pt|best_tiny.pt|best_714109.pt
1,train,0089,5,16,174,176,153,174.0,176.375,152.25,0.38464611768722534,0.2232179194688797,0.1,3,256,256,256,best_tr_f1_kpcyjb66.pt|best_gt50.pt|best_tiny.pt|best_714109.pt
1,train,0089,1,3,132,184,140,132.0,184.0,140.0,0.26504766941070557,0.18284930288791656,0.1,3,256,256,256,best_tr_f1_kpcyjb66.pt|best_gt50.pt|best_tiny.pt|best_714109.pt
1,train,0089,2,9,147,146,131,146.55555555555554,146.22222222222223,130.88888888888889,0.2541615962982178,0.18312090635299683,0.1,3,256,256,256,best_tr_f1_kpcyjb66.pt|best_gt50.pt|best_tiny.pt|best_714109.pt
1,train,0089,4,5,169,180,149,169.6,180.0,148.8,0.21807894110679626,0.1741582155227661,0.1,3,256,256,256,best_tr_f1_kpcyjb66.pt|best_gt50.pt|best_tiny.pt|best_714109.pt
1,train,0096,2,40,147,178,165,146.8,178.5,164.65,0.9996246099472046,0.7043204307556152,0.1,3,256,256,256,best_tr_f1_kpcyjb66.pt|best_gt50.pt|best_tiny.pt|best_714109.pt
1,train,0096,1,23,144,170,171,144.1304347826087,170.1304347826087,171.34782608695653,0.9978548288345337,0.6664633750915527,0.1,3,256,256,256,best_tr_f1_kpcyjb66.pt|best_gt50.pt|best_tiny.pt|best_714109.pt
1,train,0099,2,48,162,111,152,161.77083333333334,111.25,152.66666666666666,0.9975558519363403,0.6442731022834778,0.1,3,256,256,256,best_tr_f1_kpcyjb66.pt|best_gt50.pt|best_tiny.pt|best_714109.pt
1,train,0099,1,17,138,144,153,137.35294117647058,143.88235294117646,152.64705882352942,0.9942193031311035,0.5456462502479553,0.1,3,256,256,256,best_tr_f1_kpcyjb66.pt|best_gt50.pt|best_tiny.pt|best_714109.pt
1,train,0131,1,3,147,182,171,147.33333333333334,182.33333333333334,171.0,0.19255976378917694,0.14819540083408356,0.1,3,256,256,256,best_tr_f1_kpcyjb66.pt|best_gt50.pt|best_tiny.pt|best_714109.pt
1,train,0139,4,1047,142,102,150,137.41069723018148,105.87106017191977,148.64278892072588,0.9999461770057678,0.5620632171630859,0.1,3,256,256,256,best_tr_f1_kpcyjb66.pt|best_gt50.pt|best_tiny.pt|best_714109.pt
1,train,0139,2,44,117,126,138,116.72727272727273,125.75,138.0909090909091,0.9999300241470337,0.7143630385398865,0.1,3,256,256,256,best_tr_f1_kpcyjb66.pt|best_gt50.pt|best_tiny.pt|best_714109.pt
1,train,0139,1,294,113,99,149,112.07142857142857,100.98639455782313,148.64625850340136,0.9972735047340393,0.35813239216804504,0.1,3,256,256,256,best_tr_f1_kpcyjb66.pt|best_gt50.pt|best_tiny.pt|best_714109.pt
1,train,0139,5,62,129,136,150,128.3548387096774,136.56451612903226,149.8709677419355,0.9554446935653687,0.469828337430954,0.1,3,256,256,256,best_tr_f1_kpcyjb66.pt|best_gt50.pt|best_tiny.pt|best_714109.pt
1,train,0139,6,32,132,130,135,130.6875,129.46875,134.71875,0.7125219702720642,0.34885329008102417,0.1,3,256,256,256,best_tr_f1_kpcyjb66.pt|best_gt50.pt|best_tiny.pt|best_714109.pt
1,train,0139,3,10,119,120,137,118.4,120.0,137.1,0.6786441802978516,0.28149738907814026,0.1,3,256,256,256,best_tr_f1_kpcyjb66.pt|best_gt50.pt|best_tiny.pt|best_714109.pt
1,train,0147,1,9,85,118,68,85.22222222222223,118.33333333333333,67.66666666666667,0.6890451908111572,0.36773115396499634,0.1,3,251,251,176,best_tr_f1_kpcyjb66.pt|best_gt50.pt|best_tiny.pt|best_714109.pt
1,train,0147,2,4,124,122,99,124.5,122.5,99.0,0.5750806927680969,0.446350634098053,0.1,3,251,251,176,best_tr_f1_kpcyjb66.pt|best_gt50.pt|best_tiny.pt|best_714109.pt
1,train,0189,1,35,95,140,125,96.37142857142857,140.02857142857144,124.22857142857143,0.9882824420928955,0.45315220952033997,0.1,3,256,256,256,best_tr_f1_kpcyjb66.pt|best_gt50.pt|best_tiny.pt|best_714109.pt
1,train,0189,2,4,131,161,144,131.0,160.5,143.5,0.32373905181884766,0.206824392080307,0.1,3,256,256,256,best_tr_f1_kpcyjb66.pt|best_gt50.pt|best_tiny.pt|best_714109.pt
1,train,0189,3,9,132,157,147,132.66666666666666,156.22222222222223,146.55555555555554,0.2932361960411072,0.20259633660316467,0.1,3,256,256,256,best_tr_f1_kpcyjb66.pt|best_gt50.pt|best_tiny.pt|best_714109.pt
1,train,0189,4,21,136,161,142,135.0,159.9047619047619,141.95238095238096,0.2661811411380768,0.21522367000579834,0.1,3,256,256,256,best_tr_f1_kpcyjb66.pt|best_gt50.pt|best_tiny.pt|best_714109.pt
1,train,0203,2,318,85,152,152,89.95597484276729,157.3176100628931,150.16352201257862,1.0,0.8083304166793823,0.1,3,256,256,256,best_tr_f1_kpcyjb66.pt|best_gt50.pt|best_tiny.pt|best_714109.pt
1,train,0203,10,140,141,167,146,141.09285714285716,168.05714285714285,147.06428571428572,1.0,0.8258621692657471,0.1,3,256,256,256,best_tr_f1_kpcyjb66.pt|best_gt50.pt|best_tiny.pt|best_714109.pt
1,train,0203,14,73,178,103,159,178.17808219178082,103.87671232876713,158.58904109589042,0.9999997615814209,0.8242959976196289,0.1,3,256,256,256,best_tr_f1_kpcyjb66.pt|best_gt50.pt|best_tiny.pt|best_714109.pt
1,train,0203,13,56,161,95,124,160.5,95.21428571428571,125.03571428571429,0.9855419993400574,0.3732294738292694,0.1,3,256,256,256,best_tr_f1_kpcyjb66.pt|best_gt50.pt|best_tiny.pt|best_714109.pt
1,train,0203,1,20,85,98,115,84.95,98.0,114.6,0.9755442142486572,0.6043117046356201,0.1,3,256,256,256,best_tr_f1_kpcyjb66.pt|best_gt50.pt|best_tiny.pt|best_714109.pt
1,train,0203,7,29,118,134,186,116.55172413793103,134.17241379310346,184.75862068965517,0.9462196230888367,0.3828426003456116,0.1,3,256,256,256,best_tr_f1_kpcyjb66.pt|best_gt50.pt|best_tiny.pt|best_714109.pt
1,train,0203,4,16,115,137,171,114.4375,136.8125,170.6875,0.9169939160346985,0.5199646949768066,0.1,3,256,256,256,best_tr_f1_kpcyjb66.pt|best_gt50.pt|best_tiny.pt|best_714109.pt
1,train,0203,12,35,158,170,145,157.25714285714287,169.4,144.68571428571428,0.8986564874649048,0.4034375250339508,0.1,3,256,256,256,best_tr_f1_kpcyjb66.pt|best_gt50.pt|best_tiny.pt|best_714109.pt
1,train,0206,1,21,123,161,141,122.33333333333333,160.42857142857142,140.61904761904762,0.9999814033508301,0.7816819548606873,0.1,3,256,256,256,best_tr_f1_kpcyjb66.pt|best_gt50.pt|best_tiny.pt|best_714109.pt
1,train,0225,1,34,130,152,168,130.26470588235293,151.6764705882353,168.64705882352942,0.9866757988929749,0.5095387101173401,0.1,3,256,256,256,best_tr_f1_kpcyjb66.pt|best_gt50.pt|best_tiny.pt|best_714109.pt
1,train,0225,2,3,163,187,164,163.0,187.66666666666666,164.33333333333334,0.3123241066932678,0.2528686821460724,0.1,3,256,256,256,best_tr_f1_kpcyjb66.pt|best_gt50.pt|best_tiny.pt|best_714109.pt
1,train,0227,3,17,106,151,175,106.23529411764706,150.94117647058823,175.47058823529412,0.509792149066925,0.24576768279075623,0.1,3,256,256,256,best_tr_f1_kpcyjb66.pt|best_gt50.pt|best_tiny.pt|best_714109.pt
1,train,0227,2,11,102,146,176,102.36363636363636,146.54545454545453,176.27272727272728,0.3270358443260193,0.16637079417705536,0.1,3,256,256,256,best_tr_f1_kpcyjb66.pt|best_gt50.pt|best_tiny.pt|best_714109.pt
1,train,0227,4,53,146,194,143,147.62264150943398,193.28301886792454,143.33962264150944,0.2515868842601776,0.21751153469085693,0.1,3,256,256,256,best_tr_f1_kpcyjb66.pt|best_gt50.pt|best_tiny.pt|best_714109.pt
1,train,0227,1,4,92,159,110,92.5,159.0,110.0,0.2153875231742859,0.15846101939678192,0.1,3,256,256,256,best_tr_f1_kpcyjb66.pt|best_gt50.pt|best_tiny.pt|best_714109.pt
1,train,0236,1,73,143,59,176,142.41095890410958,60.41095890410959,176.68493150684932,0.7534214854240417,0.3488517701625824,0.1,3,277,278,263,best_tr_f1_kpcyjb66.pt|best_gt50.pt|best_tiny.pt|best_714109.pt
1,train,0237,1,18,176,127,107,177.0,126.38888888888889,107.55555555555556,0.8233689069747925,0.43138283491134644,0.1,3,256,256,256,best_tr_f1_kpcyjb66.pt|best_gt50.pt|best_tiny.pt|best_714109.pt
1,train,0243,1,14,102,91,135,101.71428571428571,91.71428571428571,134.42857142857142,0.7150095701217651,0.3290194571018219,0.1,3,267,213,277,best_tr_f1_kpcyjb66.pt|best_gt50.pt|best_tiny.pt|best_714109.pt
1,train,0243,3,12,185,76,109,184.83333333333334,76.91666666666667,108.75,0.5174552798271179,0.27938827872276306,0.1,3,267,213,277,best_tr_f1_kpcyjb66.pt|best_gt50.pt|best_tiny.pt|best_714109.pt
1,train,0243,2,14,148,122,185,147.64285714285714,121.71428571428571,185.07142857142858,0.45207837224006653,0.25487247109413147,0.1,3,267,213,277,best_tr_f1_kpcyjb66.pt|best_gt50.pt|best_tiny.pt|best_714109.pt
1,train,0271,1,26,148,163,150,147.76923076923077,163.30769230769232,150.65384615384616,0.44308388233184814,0.290529727935791,0.1,3,256,256,256,best_tr_f1_kpcyjb66.pt|best_gt50.pt|best_tiny.pt|best_714109.pt
1,train,0298,2,289,150,156,197,150.55017301038063,154.1280276816609,198.07612456747404,1.0,0.8242952823638916,0.1,3,256,256,256,best_tr_f1_kpcyjb66.pt|best_gt50.pt|best_tiny.pt|best_714109.pt
1,train,0298,1,9,98,159,136,98.22222222222223,159.11111111111111,135.55555555555554,0.7389278411865234,0.38991251587867737,0.1,3,256,256,256,best_tr_f1_kpcyjb66.pt|best_gt50.pt|best_tiny.pt|best_714109.pt
1,train,0320,1,35,63,92,135,64.34285714285714,91.51428571428572,136.17142857142858,0.9994917511940002,0.4793827533721924,0.1,3,256,256,256,best_tr_f1_kpcyjb66.pt|best_gt50.pt|best_tiny.pt|best_714109.pt
1,train,0320,2,10,83,122,147,83.6,121.9,146.7,0.6898491978645325,0.3614014983177185,0.1,3,256,256,256,best_tr_f1_kpcyjb66.pt|best_gt50.pt|best_tiny.pt|best_714109.pt
1,train,0328,2,7,132,104,156,132.14285714285714,103.42857142857143,155.71428571428572,0.9977892637252808,0.7011551260948181,0.1,3,262,242,289,best_tr_f1_kpcyjb66.pt|best_gt50.pt|best_tiny.pt|best_714109.pt
1,train,0328,1,5,128,103,155,128.2,102.6,155.4,0.8933874368667603,0.3928010165691376,0.1,3,262,242,289,best_tr_f1_kpcyjb66.pt|best_gt50.pt|best_tiny.pt|best_714109.pt
1,train,0333,2,51,166,138,143,164.98039215686273,138.23529411764707,143.54901960784315,0.9918575286865234,0.5399917960166931,0.1,3,256,256,256,best_tr_f1_kpcyjb66.pt|best_gt50.pt|best_tiny.pt|best_714109.pt
1,train,0333,3,23,167,131,143,167.47826086956522,130.3913043478261,143.2173913043478,0.9461824893951416,0.44723254442214966,0.1,3,256,256,256,best_tr_f1_kpcyjb66.pt|best_gt50.pt|best_tiny.pt|best_714109.pt
1,train,0333,1,4,112,149,156,112.5,149.0,156.0,0.14275525510311127,0.12778186798095703,0.1,3,256,256,256,best_tr_f1_kpcyjb66.pt|best_gt50.pt|best_tiny.pt|best_714109.pt
1,train,0344,1,85,83,100,167,83.30588235294118,100.67058823529412,166.9764705882353,0.9999867677688599,0.7015055418014526,0.1,3,256,256,256,best_tr_f1_kpcyjb66.pt|best_gt50.pt|best_tiny.pt|best_714109.pt
1,train,0344,2,102,106,93,166,105.15686274509804,93.16666666666667,166.22549019607843,0.9984822273254395,0.6303561925888062,0.1,3,256,256,256,best_tr_f1_kpcyjb66.pt|best_gt50.pt|best_tiny.pt|best_714109.pt
1,train,0368,2,35,86,158,123,84.22857142857143,158.65714285714284,122.6,0.6268176436424255,0.24935008585453033,0.1,3,267,310,317,best_tr_f1_kpcyjb66.pt|best_gt50.pt|best_tiny.pt|best_714109.pt
1,train,0368,4,33,176,156,123,176.87878787878788,155.33333333333334,122.84848484848484,0.5142462849617004,0.2529295086860657,0.1,3,267,310,317,best_tr_f1_kpcyjb66.pt|best_gt50.pt|best_tiny.pt|best_714109.pt
1,train,0368,3,54,136,228,128,138.07407407407408,227.90740740740742,127.46296296296296,0.39098426699638367,0.23844783008098602,0.1,3,267,310,317,best_tr_f1_kpcyjb66.pt|best_gt50.pt|best_tiny.pt|best_714109.pt
1,train,0368,1,4,80,161,124,79.75,161.75,124.0,0.1865522861480713,0.14325302839279175,0.1,3,267,310,317,best_tr_f1_kpcyjb66.pt|best_gt50.pt|best_tiny.pt|best_714109.pt
1,train,0382,1,21,149,174,144,148.9047619047619,174.38095238095238,144.57142857142858,0.9973844289779663,0.6817485690116882,0.1,3,256,256,256,best_tr_f1_kpcyjb66.pt|best_gt50.pt|best_tiny.pt|best_714109.pt
1,train,0386,1,82,100,152,112,100.39024390243902,152.2439024390244,111.51219512195122,0.7372903823852539,0.426188588142395,0.1,3,276,304,296,best_tr_f1_kpcyjb66.pt|best_gt50.pt|best_tiny.pt|best_714109.pt
1,train,0386,2,44,145,228,125,144.5681818181818,226.95454545454547,124.88636363636364,0.38068491220474243,0.212019681930542,0.1,3,276,304,296,best_tr_f1_kpcyjb66.pt|best_gt50.pt|best_tiny.pt|best_714109.pt
1,train,0386,3,3,167,179,107,167.33333333333334,178.66666666666666,107.0,0.251977801322937,0.17520080506801605,0.1,3,276,304,296,best_tr_f1_kpcyjb66.pt|best_gt50.pt|best_tiny.pt|best_714109.pt
1,train,0386,4,4,174,187,111,174.25,187.0,111.0,0.2046620100736618,0.1493687480688095,0.1,3,276,304,296,best_tr_f1_kpcyjb66.pt|best_gt50.pt|best_tiny.pt|best_714109.pt
1,train,0386,5,5,180,161,107,180.2,160.6,107.6,0.16705742478370667,0.12236467748880386,0.1,3,276,304,296,best_tr_f1_kpcyjb66.pt|best_gt50.pt|best_tiny.pt|best_714109.pt
1,train,0394,2,79,161,162,117,160.49367088607596,162.63291139240508,116.78481012658227,0.9975802898406982,0.6696282625198364,0.1,3,256,256,256,best_tr_f1_kpcyjb66.pt|best_gt50.pt|best_tiny.pt|best_714109.pt
1,train,0394,1,5,125,97,149,125.6,96.6,149.2,0.9491029977798462,0.6880863904953003,0.1,3,256,256,256,best_tr_f1_kpcyjb66.pt|best_gt50.pt|best_tiny.pt|best_714109.pt
1,train,0416,1,20,111,126,153,110.65,127.75,152.4,0.3649115264415741,0.24916274845600128,0.1,3,256,256,256,best_tr_f1_kpcyjb66.pt|best_gt50.pt|best_tiny.pt|best_714109.pt
1,train,0417,1,12,124,152,148,124.08333333333333,152.5,147.83333333333334,0.3030719459056854,0.18520058691501617,0.1,3,256,256,256,best_tr_f1_kpcyjb66.pt|best_gt50.pt|best_tiny.pt|best_714109.pt
1,train,0417,2,84,172,77,173,169.95238095238096,77.32142857142857,174.70238095238096,0.2735134959220886,0.18255841732025146,0.1,3,256,256,256,best_tr_f1_kpcyjb66.pt|best_gt50.pt|best_tiny.pt|best_714109.pt
1,train,0425,5,21,160,94,144,160.23809523809524,94.28571428571429,143.9047619047619,0.9301097393035889,0.45859017968177795,0.1,3,256,256,256,best_tr_f1_kpcyjb66.pt|best_gt50.pt|best_tiny.pt|best_714109.pt
1,train,0425,4,4,130,137,167,129.75,137.0,167.0,0.352203905582428,0.24193038046360016,0.1,3,256,256,256,best_tr_f1_kpcyjb66.pt|best_gt50.pt|best_tiny.pt|best_714109.pt
1,train,0425,6,5,163,74,166,163.2,74.2,165.8,0.34180545806884766,0.17540554702281952,0.1,3,256,256,256,best_tr_f1_kpcyjb66.pt|best_gt50.pt|best_tiny.pt|best_714109.pt
1,train,0425,1,10,111,123,169,110.6,122.6,169.3,0.26577696204185486,0.23273202776908875,0.1,3,256,256,256,best_tr_f1_kpcyjb66.pt|best_gt50.pt|best_tiny.pt|best_714109.pt
1,train,0425,2,19,111,137,167,110.36842105263158,137.3684210526316,167.52631578947367,0.25390005111694336,0.23804694414138794,0.1,3,256,256,256,best_tr_f1_kpcyjb66.pt|best_gt50.pt|best_tiny.pt|best_714109.pt
1,train,0425,3,15,128,144,168,128.53333333333333,143.06666666666666,167.13333333333333,0.2352215051651001,0.18871131539344788,0.1,3,256,256,256,best_tr_f1_kpcyjb66.pt|best_gt50.pt|best_tiny.pt|best_714109.pt
1,train,0427,2,36,104,127,168,102.86111111111111,128.02777777777777,168.47222222222223,0.999983549118042,0.7973604202270508,0.1,3,256,256,256,best_tr_f1_kpcyjb66.pt|best_gt50.pt|best_tiny.pt|best_714109.pt
1,train,0427,1,5,99,118,168,99.8,118.4,168.8,0.20836670696735382,0.16772063076496124,0.1,3,256,256,256,best_tr_f1_kpcyjb66.pt|best_gt50.pt|best_tiny.pt|best_714109.pt
1,train,0442,1,42,158,177,149,158.57142857142858,177.07142857142858,148.35714285714286,0.9995440244674683,0.7095116376876831,0.1,3,275,275,256,best_tr_f1_kpcyjb66.pt|best_gt50.pt|best_tiny.pt|best_714109.pt
1,train,0445,1,11,94,63,147,95.0,62.81818181818182,147.27272727272728,0.7562536001205444,0.49988651275634766,0.1,3,256,256,256,best_tr_f1_kpcyjb66.pt|best_gt50.pt|best_tiny.pt|best_714109.pt
1,train,0457,1,5,97,90,173,96.8,89.6,173.0,0.616684079170227,0.46891847252845764,0.1,3,256,256,256,best_tr_f1_kpcyjb66.pt|best_gt50.pt|best_tiny.pt|best_714109.pt
1,train,0462,1,4,119,107,147,118.5,106.5,147.0,0.1868559718132019,0.150290846824646,0.1,3,268,259,265,best_tr_f1_kpcyjb66.pt|best_gt50.pt|best_tiny.pt|best_714109.pt
1,train,0468,1,61,84,163,130,85.1311475409836,162.75409836065575,129.7704918032787,0.9999901056289673,0.7535360455513,0.1,3,260,260,256,best_tr_f1_kpcyjb66.pt|best_gt50.pt|best_tiny.pt|best_714109.pt
1,train,0468,2,55,87,163,113,86.54545454545455,162.74545454545455,112.50909090909092,0.9333429336547852,0.4474623203277588,0.1,3,260,260,256,best_tr_f1_kpcyjb66.pt|best_gt50.pt|best_tiny.pt|best_714109.pt
1,train,0468,3,26,129,175,147,129.03846153846155,174.5,147.26923076923077,0.3624866306781769,0.23500578105449677,0.1,3,260,260,256,best_tr_f1_kpcyjb66.pt|best_gt50.pt|best_tiny.pt|best_714109.pt
1,train,0476,1,9,106,27,130,105.66666666666667,27.0,130.77777777777777,0.31613022089004517,0.19219516217708588,0.1,3,256,256,256,best_tr_f1_kpcyjb66.pt|best_gt50.pt|best_tiny.pt|best_714109.pt
1,train,0505,2,48,130,63,180,131.22916666666666,63.270833333333336,180.33333333333334,0.9312927722930908,0.3428235352039337,0.1,3,256,256,256,best_tr_f1_kpcyjb66.pt|best_gt50.pt|best_tiny.pt|best_714109.pt
1,train,0505,1,3,119,88,202,118.66666666666667,88.0,202.33333333333334,0.38971489667892456,0.2811175286769867,0.1,3,256,256,256,best_tr_f1_kpcyjb66.pt|best_gt50.pt|best_tiny.pt|best_714109.pt
1,train,0508,1,5,142,119,138,142.4,118.6,137.8,0.38963744044303894,0.19515497982501984,0.1,3,256,256,256,best_tr_f1_kpcyjb66.pt|best_gt50.pt|best_tiny.pt|best_714109.pt
1,train,0508,2,3,165,116,154,165.33333333333334,115.66666666666667,154.0,0.30328917503356934,0.22387832403182983,0.1,3,256,256,256,best_tr_f1_kpcyjb66.pt|best_gt50.pt|best_tiny.pt|best_714109.pt
1,train,0517,1,5,158,99,146,158.0,99.2,146.0,0.5897303819656372,0.2964707016944885,0.1,3,256,256,256,best_tr_f1_kpcyjb66.pt|best_gt50.pt|best_tiny.pt|best_714109.pt
1,train,0519,1,3,115,193,155,115.33333333333333,193.66666666666666,155.0,0.5057348608970642,0.28241217136383057,0.1,3,256,272,272,best_tr_f1_kpcyjb66.pt|best_gt50.pt|best_tiny.pt|best_714109.pt
1,train,0530,2,824,151,152,123,153.8640776699029,150.37257281553397,116.9635922330097,1.0,0.8267447352409363,0.1,3,268,256,268,best_tr_f1_kpcyjb66.pt|best_gt50.pt|best_tiny.pt|best_714109.pt
1,train,0530,1,27,96,96,136,96.48148148148148,96.07407407407408,135.55555555555554,0.9998059868812561,0.7131068110466003,0.1,3,268,256,268,best_tr_f1_kpcyjb66.pt|best_gt50.pt|best_tiny.pt|best_714109.pt
1,train,0565,3,124,101,156,112,102.24193548387096,155.1290322580645,111.8225806451613,0.9999957084655762,0.7891276478767395,0.1,3,256,256,256,best_tr_f1_kpcyjb66.pt|best_gt50.pt|best_tiny.pt|best_714109.pt
1,train,0565,2,23,81,86,161,81.1304347826087,85.34782608695652,161.2608695652174,0.9954847693443298,0.545595109462738,0.1,3,256,256,256,best_tr_f1_kpcyjb66.pt|best_gt50.pt|best_tiny.pt|best_714109.pt
1,train,0565,1,131,80,127,109,81.23664122137404,126.54961832061069,109.58015267175573,0.9843214154243469,0.5521640777587891,0.1,3,256,256,256,best_tr_f1_kpcyjb66.pt|best_gt50.pt|best_tiny.pt|best_714109.pt
1,train,0565,7,12,154,150,161,153.75,150.0,161.41666666666666,0.9246503114700317,0.5672931671142578,0.1,3,256,256,256,best_tr_f1_kpcyjb66.pt|best_gt50.pt|best_tiny.pt|best_714109.pt
1,train,0565,8,17,158,150,163,158.23529411764707,149.35294117647058,163.52941176470588,0.9023101925849915,0.5103753209114075,0.1,3,256,256,256,best_tr_f1_kpcyjb66.pt|best_gt50.pt|best_tiny.pt|best_714109.pt
1,train,0565,9,6,166,143,162,166.16666666666666,142.66666666666666,161.83333333333334,0.6243246793746948,0.35049065947532654,0.1,3,256,256,256,best_tr_f1_kpcyjb66.pt|best_gt50.pt|best_tiny.pt|best_714109.pt
1,train,0565,6,6,121,156,154,120.66666666666667,156.83333333333334,154.33333333333334,0.6071303486824036,0.3922000229358673,0.1,3,256,256,256,best_tr_f1_kpcyjb66.pt|best_gt50.pt|best_tiny.pt|best_714109.pt
1,train,0565,5,11,103,161,164,102.54545454545455,161.1818181818182,164.0909090909091,0.40860995650291443,0.23902946710586548,0.1,3,256,256,256,best_tr_f1_kpcyjb66.pt|best_gt50.pt|best_tiny.pt|best_714109.pt
1,train,0566,1,3,136,129,192,136.33333333333334,129.66666666666666,192.0,0.18604661524295807,0.15008831024169922,0.1,3,256,256,256,best_tr_f1_kpcyjb66.pt|best_gt50.pt|best_tiny.pt|best_714109.pt
1,train,0588,3,13,162,159,117,162.15384615384616,159.15384615384616,116.3076923076923,0.9545718431472778,0.6333435773849487,0.1,3,256,256,256,best_tr_f1_kpcyjb66.pt|best_gt50.pt|best_tiny.pt|best_714109.pt
1,train,0588,1,30,74,67,19,74.46666666666667,67.3,18.9,0.43579041957855225,0.22031955420970917,0.1,3,256,256,256,best_tr_f1_kpcyjb66.pt|best_gt50.pt|best_tiny.pt|best_714109.pt
1,train,0588,2,14,87,72,22,86.92857142857143,72.14285714285714,22.0,0.4060065448284149,0.2134692370891571,0.1,3,256,256,256,best_tr_f1_kpcyjb66.pt|best_gt50.pt|best_tiny.pt|best_714109.pt
1,train,0590,1,95,127,195,109,126.2,194.49473684210525,109.50526315789473,0.773095965385437,0.2811267375946045,0.1,3,256,256,256,best_tr_f1_kpcyjb66.pt|best_gt50.pt|best_tiny.pt|best_714109.pt
1,train,0590,2,12,179,151,116,178.83333333333334,150.83333333333334,116.5,0.2895849049091339,0.23766255378723145,0.1,3,256,256,256,best_tr_f1_kpcyjb66.pt|best_gt50.pt|best_tiny.pt|best_714109.pt
1,train,0591,1,6,134,168,178,133.66666666666666,168.33333333333334,178.16666666666666,0.7170774340629578,0.4145062267780304,0.1,3,256,256,256,best_tr_f1_kpcyjb66.pt|best_gt50.pt|best_tiny.pt|best_714109.pt
1,train,0592,1,8,128,169,137,127.75,169.5,136.625,0.24788567423820496,0.21224594116210938,0.1,3,271,271,256,best_tr_f1_kpcyjb66.pt|best_gt50.pt|best_tiny.pt|best_714109.pt
1,train,0613,1,4,139,156,124,138.5,157.0,124.0,0.15075819194316864,0.13576313853263855,0.1,3,256,256,256,best_tr_f1_kpcyjb66.pt|best_gt50.pt|best_tiny.pt|best_714109.pt
1,train,0615,2,8,139,139,157,139.125,138.625,157.25,0.9997400045394897,0.8204753398895264,0.1,3,278,308,294,best_tr_f1_kpcyjb66.pt|best_gt50.pt|best_tiny.pt|best_714109.pt
1,train,0615,1,6,135,138,157,135.0,137.5,156.66666666666666,0.973849892616272,0.5082119703292847,0.1,3,278,308,294,best_tr_f1_kpcyjb66.pt|best_gt50.pt|best_tiny.pt|best_714109.pt
1,train,0619,2,24,195,63,15,194.04166666666666,62.458333333333336,14.75,0.5514286756515503,0.2315809279680252,0.1,3,256,256,256,best_tr_f1_kpcyjb66.pt|best_gt50.pt|best_tiny.pt|best_714109.pt
1,train,0619,1,4,104,152,168,103.5,152.5,168.0,0.2361699789762497,0.20166295766830444,0.1,3,256,256,256,best_tr_f1_kpcyjb66.pt|best_gt50.pt|best_tiny.pt|best_714109.pt
1,train,0627,3,83,116,151,177,116.97590361445783,151.55421686746988,177.87951807228916,1.0,0.8471633791923523,0.1,3,256,256,256,best_tr_f1_kpcyjb66.pt|best_gt50.pt|best_tiny.pt|best_714109.pt
1,train,0627,1,42,101,75,145,100.52380952380952,76.9047619047619,144.45238095238096,0.99983811378479,0.7283065915107727,0.1,3,256,256,256,best_tr_f1_kpcyjb66.pt|best_gt50.pt|best_tiny.pt|best_714109.pt
1,train,0627,2,20,115,147,180,114.95,146.35,180.1,0.9995124936103821,0.7518178820610046,0.1,3,256,256,256,best_tr_f1_kpcyjb66.pt|best_gt50.pt|best_tiny.pt|best_714109.pt
1,train,0627,4,4,122,161,139,121.75,160.5,138.75,0.6534485816955566,0.44559139013290405,0.1,3,256,256,256,best_tr_f1_kpcyjb66.pt|best_gt50.pt|best_tiny.pt|best_714109.pt
1,train,0629,3,145,143,174,128,143.6551724137931,177.42068965517242,129.12413793103448,0.9999995231628418,0.7749921083450317,0.1,3,256,256,256,best_tr_f1_kpcyjb66.pt|best_gt50.pt|best_tiny.pt|best_714109.pt
1,train,0629,4,44,143,183,143,143.38636363636363,182.0681818181818,141.97727272727272,0.9950026273727417,0.594575822353363,0.1,3,256,256,256,best_tr_f1_kpcyjb66.pt|best_gt50.pt|best_tiny.pt|best_714109.pt
1,train,0629,2,16,131,179,123,131.25,178.9375,123.5625,0.9469806551933289,0.5224599838256836,0.1,3,256,256,256,best_tr_f1_kpcyjb66.pt|best_gt50.pt|best_tiny.pt|best_714109.pt
1,train,0629,1,7,126,107,142,125.42857142857143,106.85714285714286,141.71428571428572,0.8665621876716614,0.41579967737197876,0.1,3,256,256,256,best_tr_f1_kpcyjb66.pt|best_gt50.pt|best_tiny.pt|best_714109.pt
1,train,0629,5,7,143,170,140,143.0,170.0,140.0,0.7547164559364319,0.3386436104774475,0.1,3,256,256,256,best_tr_f1_kpcyjb66.pt|best_gt50.pt|best_tiny.pt|best_714109.pt
1,train,0632,1,4,133,163,162,133.0,163.5,162.0,0.228268563747406,0.1703869104385376,0.1,3,261,256,261,best_tr_f1_kpcyjb66.pt|best_gt50.pt|best_tiny.pt|best_714109.pt
1,train,0635,1,5,174,80,159,173.8,79.6,159.0,0.3106887936592102,0.1822788417339325,0.1,3,256,256,256,best_tr_f1_kpcyjb66.pt|best_gt50.pt|best_tiny.pt|best_714109.pt
1,train,0660,1,28,114,94,132,113.64285714285714,94.21428571428571,132.10714285714286,0.8142553567886353,0.34473225474357605,0.1,3,256,256,256,best_tr_f1_kpcyjb66.pt|best_gt50.pt|best_tiny.pt|best_714109.pt
1,train,0664,1,7,123,73,134,123.42857142857143,73.57142857142857,134.42857142857142,0.3427225351333618,0.20760738849639893,0.1,3,263,192,266,best_tr_f1_kpcyjb66.pt|best_gt50.pt|best_tiny.pt|best_714109.pt
1,train,0669,2,43,152,193,127,151.90697674418604,193.09302325581396,126.53488372093024,0.4998044967651367,0.265611469745636,0.1,3,256,256,256,best_tr_f1_kpcyjb66.pt|best_gt50.pt|best_tiny.pt|best_714109.pt
1,train,0669,1,7,148,196,127,147.71428571428572,196.0,127.42857142857143,0.2416112720966339,0.1643836349248886,0.1,3,256,256,256,best_tr_f1_kpcyjb66.pt|best_gt50.pt|best_tiny.pt|best_714109.pt
1,train,0671,1,29,100,154,109,98.96551724137932,153.79310344827587,108.51724137931035,0.48199257254600525,0.24678583443164825,0.1,3,256,256,256,best_tr_f1_kpcyjb66.pt|best_gt50.pt|best_tiny.pt|best_714109.pt
1,train,0687,14,322,140,177,107,142.97826086956522,181.5310559006211,111.00931677018633,1.0,0.8323655128479004,0.1,3,256,256,256,best_tr_f1_kpcyjb66.pt|best_gt50.pt|best_tiny.pt|best_714109.pt
1,train,0687,7,160,88,161,117,91.85,162.99375,115.69375,1.0,0.8376541137695312,0.1,3,256,256,256,best_tr_f1_kpcyjb66.pt|best_gt50.pt|best_tiny.pt|best_714109.pt
1,train,0687,8,105,90,171,113,92.62857142857143,169.96190476190475,113.2,0.9999992847442627,0.8780277967453003,0.1,3,256,256,256,best_tr_f1_kpcyjb66.pt|best_gt50.pt|best_tiny.pt|best_714109.pt
1,train,0687,18,76,184,122,134,184.75,122.38157894736842,133.76315789473685,0.9997999668121338,0.7405039072036743,0.1,3,256,256,256,best_tr_f1_kpcyjb66.pt|best_gt50.pt|best_tiny.pt|best_714109.pt
1,train,0687,10,27,118,152,139,118.25925925925925,152.22222222222223,138.88888888888889,0.9997353553771973,0.7448952198028564,0.1,3,256,256,256,best_tr_f1_kpcyjb66.pt|best_gt50.pt|best_tiny.pt|best_714109.pt
1,train,0687,13,20,124,148,128,123.15,147.6,127.1,0.9882431626319885,0.6545449495315552,0.1,3,256,256,256,best_tr_f1_kpcyjb66.pt|best_gt50.pt|best_tiny.pt|best_714109.pt
1,train,0687,17,47,167,108,101,167.7872340425532,106.29787234042553,102.06382978723404,0.9860221147537231,0.5337522625923157,0.1,3,256,256,256,best_tr_f1_kpcyjb66.pt|best_gt50.pt|best_tiny.pt|best_714109.pt
1,train,0687,12,47,122,153,155,120.42553191489361,152.53191489361703,153.4468085106383,0.9701984524726868,0.5744358897209167,0.1,3,256,256,256,best_tr_f1_kpcyjb66.pt|best_gt50.pt|best_tiny.pt|best_714109.pt
1,train,0701,2,10,174,117,109,173.9,117.2,108.8,0.8783659934997559,0.3901079297065735,0.1,3,256,256,256,best_tr_f1_kpcyjb66.pt|best_gt50.pt|best_tiny.pt|best_714109.pt
1,train,0701,1,13,136,39,156,135.53846153846155,39.69230769230769,156.3846153846154,0.7349461317062378,0.3011524975299835,0.1,3,256,256,256,best_tr_f1_kpcyjb66.pt|best_gt50.pt|best_tiny.pt|best_714109.pt
1,train,0713,1,5,183,86,155,183.4,86.8,154.8,0.25446128845214844,0.17398779094219208,0.1,3,256,256,256,best_tr_f1_kpcyjb66.pt|best_gt50.pt|best_tiny.pt|best_714109.pt
1,train,0727,2,93,153,186,130,152.38709677419354,185.0215053763441,132.29032258064515,0.9900658130645752,0.5014292001724243,0.1,3,256,256,256,best_tr_f1_kpcyjb66.pt|best_gt50.pt|best_tiny.pt|best_714109.pt
1,train,0727,1,14,151,181,135,151.28571428571428,180.5,134.35714285714286,0.6014567613601685,0.3284788727760315,0.1,3,256,256,256,best_tr_f1_kpcyjb66.pt|best_gt50.pt|best_tiny.pt|best_714109.pt
1,train,0730,1,285,190,126,159,191.02105263157895,126.07368421052631,160.64912280701753,0.9999992847442627,0.8317232728004456,0.1,3,256,256,256,best_tr_f1_kpcyjb66.pt|best_gt50.pt|best_tiny.pt|best_714109.pt
1,train,0739,1,5,124,159,148,124.4,159.2,148.0,0.27827078104019165,0.24182653427124023,0.1,3,256,256,256,best_tr_f1_kpcyjb66.pt|best_gt50.pt|best_tiny.pt|best_714109.pt
1,train,0743,1,6,135,97,164,136.0,96.33333333333333,164.16666666666666,0.23644228279590607,0.21054089069366455,0.1,3,256,256,256,best_tr_f1_kpcyjb66.pt|best_gt50.pt|best_tiny.pt|best_714109.pt
1,train,0755,2,90,122,200,138,121.57777777777778,199.88888888888889,138.2,0.9060540199279785,0.36481156945228577,0.1,3,256,256,256,best_tr_f1_kpcyjb66.pt|best_gt50.pt|best_tiny.pt|best_714109.pt
1,train,0755,3,12,133,201,138,133.0,200.83333333333334,137.75,0.6152205467224121,0.2837812006473541,0.1,3,256,256,256,best_tr_f1_kpcyjb66.pt|best_gt50.pt|best_tiny.pt|best_714109.pt
1,train,0755,1,7,93,164,132,93.57142857142857,164.14285714285714,132.0,0.45286187529563904,0.24708899855613708,0.1,3,256,256,256,best_tr_f1_kpcyjb66.pt|best_gt50.pt|best_tiny.pt|best_714109.pt
1,train,0755,4,42,147,190,143,146.8095238095238,188.9047619047619,142.16666666666666,0.24997779726982117,0.19907136261463165,0.1,3,256,256,256,best_tr_f1_kpcyjb66.pt|best_gt50.pt|best_tiny.pt|best_714109.pt
1,train,0755,5,8,158,96,165,157.25,95.5,165.0,0.2259424924850464,0.14923925697803497,0.1,3,256,256,256,best_tr_f1_kpcyjb66.pt|best_gt50.pt|best_tiny.pt|best_714109.pt
1,train,0776,1,386,184,137,107,184.8575129533679,138.6321243523316,108.32124352331606,0.9999998807907104,0.8162853717803955,0.1,3,256,256,256,best_tr_f1_kpcyjb66.pt|best_gt50.pt|best_tiny.pt|best_714109.pt
1,train,0781,1,89,83,150,150,85.85393258426966,150.08988764044943,151.35955056179776,0.9999991655349731,0.8140591382980347,0.1,3,256,256,256,best_tr_f1_kpcyjb66.pt|best_gt50.pt|best_tiny.pt|best_714109.pt
1,train,0781,4,32,160,134,126,159.875,134.65625,125.6875,0.9979221224784851,0.5987508893013,0.1,3,256,256,256,best_tr_f1_kpcyjb66.pt|best_gt50.pt|best_tiny.pt|best_714109.pt
1,train,0781,2,21,91,115,170,89.71428571428571,115.19047619047619,170.33333333333334,0.9853652715682983,0.5548499226570129,0.1,3,256,256,256,best_tr_f1_kpcyjb66.pt|best_gt50.pt|best_tiny.pt|best_714109.pt
1,train,0781,3,15,106,94,155,105.93333333333334,93.4,154.46666666666667,0.7434580326080322,0.41141483187675476,0.1,3,256,256,256,best_tr_f1_kpcyjb66.pt|best_gt50.pt|best_tiny.pt|best_714109.pt
1,train,0786,1,18,136,159,204,135.94444444444446,158.94444444444446,203.88888888888889,0.5760656595230103,0.2824190557003021,0.1,3,294,292,306,best_tr_f1_kpcyjb66.pt|best_gt50.pt|best_tiny.pt|best_714109.pt
1,train,0799,1,6,105,198,109,105.33333333333333,198.5,109.0,0.8140251040458679,0.44340208172798157,0.1,3,256,256,256,best_tr_f1_kpcyjb66.pt|best_gt50.pt|best_tiny.pt|best_714109.pt
1,train,0799,2,25,112,160,140,109.64,159.56,139.68,0.30784133076667786,0.183871790766716,0.1,3,256,256,256,best_tr_f1_kpcyjb66.pt|best_gt50.pt|best_tiny.pt|best_714109.pt
1,train,0799,5,4,117,164,135,116.75,163.5,135.75,0.2848733365535736,0.24882438778877258,0.1,3,256,256,256,best_tr_f1_kpcyjb66.pt|best_gt50.pt|best_tiny.pt|best_714109.pt
1,train,0799,3,18,111,157,146,111.5,157.33333333333334,144.88888888888889,0.2490978240966797,0.17160873115062714,0.1,3,256,256,256,best_tr_f1_kpcyjb66.pt|best_gt50.pt|best_tiny.pt|best_714109.pt
1,train,0799,4,5,112,155,149,111.6,155.0,148.8,0.2093529999256134,0.15151377022266388,0.1,3,256,256,256,best_tr_f1_kpcyjb66.pt|best_gt50.pt|best_tiny.pt|best_714109.pt
1,train,0845,1,6,99,161,173,98.5,161.0,172.66666666666666,0.3539055287837982,0.2117106318473816,0.1,3,256,256,256,best_tr_f1_kpcyjb66.pt|best_gt50.pt|best_tiny.pt|best_714109.pt
1,train,0855,1,24,141,180,150,140.54166666666666,180.70833333333334,149.66666666666666,0.9777112603187561,0.6378342509269714,0.1,3,256,256,256,best_tr_f1_kpcyjb66.pt|best_gt50.pt|best_tiny.pt|best_714109.pt
1,train,0858,2,53,94,160,111,93.90566037735849,160.0754716981132,111.15094339622641,0.9997765421867371,0.7184777855873108,0.1,3,256,256,256,best_tr_f1_kpcyjb66.pt|best_gt50.pt|best_tiny.pt|best_714109.pt
1,train,0858,1,26,82,140,103,81.65384615384616,140.26923076923077,102.46153846153847,0.9138470888137817,0.4633583426475525,0.1,3,256,256,256,best_tr_f1_kpcyjb66.pt|best_gt50.pt|best_tiny.pt|best_714109.pt
1,train,0858,4,54,147,163,111,147.7037037037037,164.44444444444446,111.07407407407408,0.24986101686954498,0.19834460318088531,0.1,3,256,256,256,best_tr_f1_kpcyjb66.pt|best_gt50.pt|best_tiny.pt|best_714109.pt
1,train,0858,6,21,157,161,109,157.42857142857142,160.95238095238096,109.42857142857143,0.2496027946472168,0.198573499917984,0.1,3,256,256,256,best_tr_f1_kpcyjb66.pt|best_gt50.pt|best_tiny.pt|best_714109.pt
1,train,0858,3,4,144,163,112,144.75,163.0,112.75,0.20755842328071594,0.1482347697019577,0.1,3,256,256,256,best_tr_f1_kpcyjb66.pt|best_gt50.pt|best_tiny.pt|best_714109.pt
1,train,0858,5,3,151,170,113,151.33333333333334,169.66666666666666,113.0,0.17908872663974762,0.15445826947689056,0.1,3,256,256,256,best_tr_f1_kpcyjb66.pt|best_gt50.pt|best_tiny.pt|best_714109.pt
1,train,0859,1,28,82,151,103,81.92857142857143,151.96428571428572,102.46428571428571,0.9593179821968079,0.5110029578208923,0.1,3,256,256,256,best_tr_f1_kpcyjb66.pt|best_gt50.pt|best_tiny.pt|best_714109.pt
1,train,0859,2,14,81,153,120,81.35714285714286,153.21428571428572,120.07142857142857,0.647041916847229,0.2827397882938385,0.1,3,256,256,256,best_tr_f1_kpcyjb66.pt|best_gt50.pt|best_tiny.pt|best_714109.pt
1,train,0865,3,68,163,160,115,162.97058823529412,160.1764705882353,115.01470588235294,0.8265864849090576,0.39048710465431213,0.1,3,256,256,256,best_tr_f1_kpcyjb66.pt|best_gt50.pt|best_tiny.pt|best_714109.pt
1,train,0865,2,10,125,153,192,124.5,152.8,192.4,0.43336331844329834,0.26653242111206055,0.1,3,256,256,256,best_tr_f1_kpcyjb66.pt|best_gt50.pt|best_tiny.pt|best_714109.pt
1,train,0865,1,11,118,154,192,118.72727272727273,153.45454545454547,192.0,0.4058879613876343,0.27171429991722107,0.1,3,256,256,256,best_tr_f1_kpcyjb66.pt|best_gt50.pt|best_tiny.pt|best_714109.pt
1,train,0873,12,212,139,181,173,141.64150943396226,182.28301886792454,173.93867924528303,1.0,0.8105446696281433,0.1,3,256,256,256,best_tr_f1_kpcyjb66.pt|best_gt50.pt|best_tiny.pt|best_714109.pt
1,train,0873,7,123,120,194,162,118.65853658536585,195.8211382113821,160.6991869918699,0.9999998807907104,0.8127948045730591,0.1,3,256,256,256,best_tr_f1_kpcyjb66.pt|best_gt50.pt|best_tiny.pt|best_714109.pt
1,train,0873,10,187,119,183,177,119.70588235294117,180.94117647058823,175.0,0.9999997615814209,0.8070881962776184,0.1,3,256,256,256,best_tr_f1_kpcyjb66.pt|best_gt50.pt|best_tiny.pt|best_714109.pt
1,train,0873,4,45,115,178,177,114.88888888888889,178.51111111111112,177.95555555555555,0.9999960660934448,0.8543391823768616,0.1,3,256,256,256,best_tr_f1_kpcyjb66.pt|best_gt50.pt|best_tiny.pt|best_714109.pt
1,train,0873,9,42,118,171,179,118.54761904761905,171.33333333333334,178.95238095238096,0.9999909400939941,0.7917553186416626,0.1,3,256,256,256,best_tr_f1_kpcyjb66.pt|best_gt50.pt|best_tiny.pt|best_714109.pt
1,train,0873,6,102,119,160,187,119.59803921568627,160.94117647058823,187.47058823529412,0.9999892711639404,0.8111639618873596,0.1,3,256,256,256,best_tr_f1_kpcyjb66.pt|best_gt50.pt|best_tiny.pt|best_714109.pt
1,train,0873,15,49,143,172,178,142.57142857142858,172.0408163265306,178.81632653061226,0.9999604225158691,0.6977137327194214,0.1,3,256,256,256,best_tr_f1_kpcyjb66.pt|best_gt50.pt|best_tiny.pt|best_714109.pt
1,train,0873,5,69,115,166,184,116.2463768115942,167.65217391304347,184.17391304347825,0.9998730421066284,0.6415895819664001,0.1,3,256,256,256,best_tr_f1_kpcyjb66.pt|best_gt50.pt|best_tiny.pt|best_714109.pt
1,train,0879,4,18,84,146,108,84.61111111111111,145.44444444444446,108.83333333333333,0.5031325817108154,0.2783029079437256,0.1,3,257,257,256,best_tr_f1_kpcyjb66.pt|best_gt50.pt|best_tiny.pt|best_714109.pt
1,train,0879,3,3,83,144,111,83.0,143.33333333333334,111.33333333333333,0.2334667593240738,0.180577352643013,0.1,3,257,257,256,best_tr_f1_kpcyjb66.pt|best_gt50.pt|best_tiny.pt|best_714109.pt
1,train,0879,2,5,82,142,114,82.0,142.2,114.2,0.22494523227214813,0.1678028553724289,0.1,3,257,257,256,best_tr_f1_kpcyjb66.pt|best_gt50.pt|best_tiny.pt|best_714109.pt
1,train,0879,1,3,70,129,121,69.33333333333333,129.0,121.33333333333333,0.17015624046325684,0.1332743912935257,0.1,3,257,257,256,best_tr_f1_kpcyjb66.pt|best_gt50.pt|best_tiny.pt|best_714109.pt
1,train,0881,1,8,196,155,122,196.375,155.375,122.0,0.28870701789855957,0.22093293070793152,0.1,3,274,292,276,best_tr_f1_kpcyjb66.pt|best_gt50.pt|best_tiny.pt|best_714109.pt
1,train,0887,2,6,108,132,149,108.0,131.83333333333334,148.66666666666666,0.265377938747406,0.22825956344604492,0.1,3,256,256,256,best_tr_f1_kpcyjb66.pt|best_gt50.pt|best_tiny.pt|best_714109.pt
1,train,0887,1,3,97,115,119,97.0,114.66666666666667,118.66666666666667,0.2185564637184143,0.1786940097808838,0.1,3,256,256,256,best_tr_f1_kpcyjb66.pt|best_gt50.pt|best_tiny.pt|best_714109.pt
1,train,0910,1,24,118,185,181,117.625,184.875,180.83333333333334,0.9795404672622681,0.5471861958503723,0.1,3,256,256,256,best_tr_f1_kpcyjb66.pt|best_gt50.pt|best_tiny.pt|best_714109.pt
1,train,0910,2,6,158,80,130,158.33333333333334,80.5,130.33333333333334,0.3388368785381317,0.19446374475955963,0.1,3,256,256,256,best_tr_f1_kpcyjb66.pt|best_gt50.pt|best_tiny.pt|best_714109.pt
1,train,0915,1,52,123,211,167,122.1923076923077,210.92307692307693,166.94230769230768,0.8174278140068054,0.4224235415458679,0.1,3,274,280,264,best_tr_f1_kpcyjb66.pt|best_gt50.pt|best_tiny.pt|best_714109.pt
1,train,0915,2,4,138,180,195,137.5,180.25,195.75,0.17172706127166748,0.14048458635807037,0.1,3,274,280,264,best_tr_f1_kpcyjb66.pt|best_gt50.pt|best_tiny.pt|best_714109.pt
1,train,0927,2,3,131,152,167,131.0,151.66666666666666,166.66666666666666,0.23042400181293488,0.19092369079589844,0.1,3,256,256,256,best_tr_f1_kpcyjb66.pt|best_gt50.pt|best_tiny.pt|best_714109.pt
1,train,0927,1,3,123,165,130,123.66666666666667,164.66666666666666,130.0,0.14422829449176788,0.12071338295936584,0.1,3,256,256,256,best_tr_f1_kpcyjb66.pt|best_gt50.pt|best_tiny.pt|best_714109.pt
1,train,0928,2,21,153,156,166,152.71428571428572,155.71428571428572,165.61904761904762,0.9768298864364624,0.5502352714538574,0.1,3,256,256,256,best_tr_f1_kpcyjb66.pt|best_gt50.pt|best_tiny.pt|best_714109.pt
1,train,0928,1,13,90,117,166,89.53846153846153,116.92307692307692,165.92307692307693,0.7837849855422974,0.3922606110572815,0.1,3,256,256,256,best_tr_f1_kpcyjb66.pt|best_gt50.pt|best_tiny.pt|best_714109.pt
1,train,0935,2,20,148,116,185,148.65,116.2,185.05,0.8127318620681763,0.3587251305580139,0.1,3,269,200,276,best_tr_f1_kpcyjb66.pt|best_gt50.pt|best_tiny.pt|best_714109.pt
1,train,0935,1,9,94,110,156,93.88888888888889,109.44444444444444,156.44444444444446,0.6453148126602173,0.3489507734775543,0.1,3,269,200,276,best_tr_f1_kpcyjb66.pt|best_gt50.pt|best_tiny.pt|best_714109.pt
1,train,0986,1,8,141,161,189,141.0,161.5,189.5,0.8890382051467896,0.5452045202255249,0.1,3,256,256,256,best_tr_f1_kpcyjb66.pt|best_gt50.pt|best_tiny.pt|best_714109.pt
1,train,0993,2,8,122,110,172,122.0,110.125,172.125,0.99614417552948,0.6012772917747498,0.1,3,256,256,256,best_tr_f1_kpcyjb66.pt|best_gt50.pt|best_tiny.pt|best_714109.pt
1,train,0993,5,8,143,136,172,143.25,135.625,172.5,0.97166907787323,0.5584153532981873,0.1,3,256,256,256,best_tr_f1_kpcyjb66.pt|best_gt50.pt|best_tiny.pt|best_714109.pt
1,train,0993,3,26,125,129,172,125.07692307692308,130.6153846153846,172.3846153846154,0.9103420376777649,0.4886973202228546,0.1,3,256,256,256,best_tr_f1_kpcyjb66.pt|best_gt50.pt|best_tiny.pt|best_714109.pt
1,train,0993,7,9,167,131,170,166.66666666666666,130.55555555555554,169.55555555555554,0.6359665989875793,0.3624979853630066,0.1,3,256,256,256,best_tr_f1_kpcyjb66.pt|best_gt50.pt|best_tiny.pt|best_714109.pt
1,train,0993,1,10,111,49,161,111.2,49.6,161.3,0.5636941194534302,0.31869786977767944,0.1,3,256,256,256,best_tr_f1_kpcyjb66.pt|best_gt50.pt|best_tiny.pt|best_714109.pt
1,train,0993,6,10,153,108,171,152.9,108.4,170.7,0.4116755723953247,0.23410360515117645,0.1,3,256,256,256,best_tr_f1_kpcyjb66.pt|best_gt50.pt|best_tiny.pt|best_714109.pt
1,train,0993,4,5,141,110,195,141.0,109.6,194.6,0.17444831132888794,0.15445806086063385,0.1,3,256,256,256,best_tr_f1_kpcyjb66.pt|best_gt50.pt|best_tiny.pt|best_714109.pt
1,train,1024,1,456,180,134,115,182.25219298245614,134.05263157894737,116.34649122807018,0.9999990463256836,0.7678927779197693,0.1,3,256,256,256,best_tr_f1_kpcyjb66.pt|best_gt50.pt|best_tiny.pt|best_714109.pt
1,train,1024,2,21,188,123,122,188.14285714285714,122.95238095238095,121.66666666666667,0.931443452835083,0.4649803638458252,0.1,3,256,256,256,best_tr_f1_kpcyjb66.pt|best_gt50.pt|best_tiny.pt|best_714109.pt
1,train,1029,1,25,159,140,142,158.76,138.96,142.6,0.6358914971351624,0.26560357213020325,0.1,3,256,256,256,best_tr_f1_kpcyjb66.pt|best_gt50.pt|best_tiny.pt|best_714109.pt
1,train,1029,2,3,189,106,5,189.0,105.0,5.0,0.14203795790672302,0.13015027344226837,0.1,3,256,256,256,best_tr_f1_kpcyjb66.pt|best_gt50.pt|best_tiny.pt|best_714109.pt
1,train,1036,6,185,131,197,112,133.08648648648648,195.6,111.76216216216216,0.9969435930252075,0.5216554999351501,0.1,3,256,256,256,best_tr_f1_kpcyjb66.pt|best_gt50.pt|best_tiny.pt|best_714109.pt
1,train,1036,4,131,120,196,112,120.94656488549619,195.9770992366412,111.13740458015268,0.9759729504585266,0.40856751799583435,0.1,3,256,256,256,best_tr_f1_kpcyjb66.pt|best_gt50.pt|best_tiny.pt|best_714109.pt
1,train,1036,2,75,106,168,112,105.26666666666667,168.21333333333334,111.97333333333333,0.9719046950340271,0.31767094135284424,0.1,3,256,256,256,best_tr_f1_kpcyjb66.pt|best_gt50.pt|best_tiny.pt|best_714109.pt
1,train,1036,1,10,99,172,114,98.8,171.7,113.8,0.5096237063407898,0.2561902403831482,0.1,3,256,256,256,best_tr_f1_kpcyjb66.pt|best_gt50.pt|best_tiny.pt|best_714109.pt
1,train,1036,5,5,127,105,145,127.2,105.0,145.4,0.41866186261177063,0.2367415875196457,0.1,3,256,256,256,best_tr_f1_kpcyjb66.pt|best_gt50.pt|best_tiny.pt|best_714109.pt
1,train,1036,3,14,103,175,117,104.71428571428571,174.92857142857142,116.92857142857143,0.3355250060558319,0.22484628856182098,0.1,3,256,256,256,best_tr_f1_kpcyjb66.pt|best_gt50.pt|best_tiny.pt|best_714109.pt
1,train,1036,7,32,136,184,109,135.875,183.4375,108.5,0.25760582089424133,0.20210561156272888,0.1,3,256,256,256,best_tr_f1_kpcyjb66.pt|best_gt50.pt|best_tiny.pt|best_714109.pt
1,train,1041,1,20,125,121,206,125.2,120.6,205.95,0.9952602982521057,0.6790319681167603,0.1,3,256,256,256,best_tr_f1_kpcyjb66.pt|best_gt50.pt|best_tiny.pt|best_714109.pt
1,train,1041,2,11,166,176,135,166.36363636363637,175.54545454545453,134.54545454545453,0.45900699496269226,0.2491685450077057,0.1,3,256,256,256,best_tr_f1_kpcyjb66.pt|best_gt50.pt|best_tiny.pt|best_714109.pt
1,train,1046,1,47,123,76,202,122.70212765957447,76.82978723404256,202.51063829787233,0.980530321598053,0.4544457793235779,0.1,3,256,256,256,best_tr_f1_kpcyjb66.pt|best_gt50.pt|best_tiny.pt|best_714109.pt
1,train,1046,2,23,133,150,154,132.82608695652175,149.82608695652175,153.3913043478261,0.9611030220985413,0.5618481636047363,0.1,3,256,256,256,best_tr_f1_kpcyjb66.pt|best_gt50.pt|best_tiny.pt|best_714109.pt
1,train,1061,1,75,149,106,136,150.08,106.01333333333334,135.84,0.9002634286880493,0.32191744446754456,0.1,3,256,256,256,best_tr_f1_kpcyjb66.pt|best_gt50.pt|best_tiny.pt|best_714109.pt
1,train,1071,1,202,89,132,120,90.32673267326733,133.27227722772278,119.35148514851485,0.9999990463256836,0.757837176322937,0.1,3,264,264,256,best_tr_f1_kpcyjb66.pt|best_gt50.pt|best_tiny.pt|best_714109.pt
1,train,1071,3,20,132,112,152,132.15,112.0,152.05,0.9988663196563721,0.6115330457687378,0.1,3,264,264,256,best_tr_f1_kpcyjb66.pt|best_gt50.pt|best_tiny.pt|best_714109.pt
1,train,1071,2,17,131,107,171,131.47058823529412,107.76470588235294,170.35294117647058,0.24925467371940613,0.19977685809135437,0.1,3,264,264,256,best_tr_f1_kpcyjb66.pt|best_gt50.pt|best_tiny.pt|best_714109.pt
1,train,1107,2,26,112,109,158,112.07692307692308,109.03846153846153,158.0,0.9999188184738159,0.8148030638694763,0.1,3,256,256,256,best_tr_f1_kpcyjb66.pt|best_gt50.pt|best_tiny.pt|best_714109.pt
1,train,1107,3,20,116,126,162,115.6,125.75,161.15,0.9762063026428223,0.6323644518852234,0.1,3,256,256,256,best_tr_f1_kpcyjb66.pt|best_gt50.pt|best_tiny.pt|best_714109.pt
1,train,1107,1,14,110,128,166,110.14285714285714,126.28571428571429,166.28571428571428,0.24564550817012787,0.19239185750484467,0.1,3,256,256,256,best_tr_f1_kpcyjb66.pt|best_gt50.pt|best_tiny.pt|best_714109.pt
