case_id,gt_voxels,gt_category,ensemble_strategy,postprocess,core_threshold,halo_threshold,dilation_radius,dilate_min_component_voxels,core_min_component_voxels,max_growth_ratio,max_grown_component_voxels,threshold,min_component_voxels,m1_threshold,m1_min_component_voxels,m2_threshold,m2_min_component_voxels,m1_support_threshold,support_radius,support_min_overlap_voxels,support_min_overlap_ratio,final_min_component_voxels,m1_pred_voxels,m2_pred_voxels,accepted_m2_components,rejected_m2_components,accepted_m2_voxels,rejected_m2_voxels,pred_voxels,pred_category,dice,hd95,assd,missed_positive,empty_false_positive
scan_0003,0,empty,probability_average,none,nan,0.1,0,1,1,0.0,0,0.5,40,nan,-1,nan,-1,nan,-1,-1,nan,-1,-1,-1,-1,-1,-1,-1,82,tiny,1.21951204640097e-07,441.6729559300637,441.6729559300637,0,1
scan_0005,0,empty,probability_average,none,nan,0.1,0,1,1,0.0,0,0.5,40,nan,-1,nan,-1,nan,-1,-1,nan,-1,-1,-1,-1,-1,-1,-1,0,empty,1.0,0.0,0.0,0,0
scan_0011,7748,large,probability_average,none,nan,0.1,0,1,1,0.0,0,0.5,40,nan,-1,nan,-1,nan,-1,-1,nan,-1,-1,-1,-1,-1,-1,-1,4582,small,0.6618004868922948,6.164414002968976,1.8924230885860254,0,0
scan_0012,0,empty,probability_average,none,nan,0.1,0,1,1,0.0,0,0.5,40,nan,-1,nan,-1,nan,-1,-1,nan,-1,-1,-1,-1,-1,-1,-1,0,empty,1.0,0.0,0.0,0,0
scan_0013,0,empty,probability_average,none,nan,0.1,0,1,1,0.0,0,0.5,40,nan,-1,nan,-1,nan,-1,-1,nan,-1,-1,-1,-1,-1,-1,-1,0,empty,1.0,0.0,0.0,0,0
scan_0014,0,empty,probability_average,none,nan,0.1,0,1,1,0.0,0,0.5,40,nan,-1,nan,-1,nan,-1,-1,nan,-1,-1,-1,-1,-1,-1,-1,0,empty,1.0,0.0,0.0,0,0
scan_0018,0,empty,probability_average,none,nan,0.1,0,1,1,0.0,0,0.5,40,nan,-1,nan,-1,nan,-1,-1,nan,-1,-1,-1,-1,-1,-1,-1,0,empty,1.0,0.0,0.0,0,0
scan_0022,0,empty,probability_average,none,nan,0.1,0,1,1,0.0,0,0.5,40,nan,-1,nan,-1,nan,-1,-1,nan,-1,-1,-1,-1,-1,-1,-1,0,empty,1.0,0.0,0.0,0,0
scan_0025,11779,large,probability_average,none,nan,0.1,0,1,1,0.0,0,0.5,40,nan,-1,nan,-1,nan,-1,-1,nan,-1,-1,-1,-1,-1,-1,-1,9406,large,0.6340495869496814,13.405211953576972,2.506995620556005,0,0
scan_0030,21760,large,probability_average,none,nan,0.1,0,1,1,0.0,0,0.5,40,nan,-1,nan,-1,nan,-1,-1,nan,-1,-1,-1,-1,-1,-1,-1,18636,large,0.8414199426078275,2.8284271247461903,1.3506226010600262,0,0
scan_0032,529,tiny,probability_average,none,nan,0.1,0,1,1,0.0,0,0.5,40,nan,-1,nan,-1,nan,-1,-1,nan,-1,-1,-1,-1,-1,-1,-1,0,empty,1.9157087755611347e-08,462.6910416249703,462.6910416249703,1,0
scan_0035,0,empty,probability_average,none,nan,0.1,0,1,1,0.0,0,0.5,40,nan,-1,nan,-1,nan,-1,-1,nan,-1,-1,-1,-1,-1,-1,-1,0,empty,1.0,0.0,0.0,0,0
scan_0037,0,empty,probability_average,none,nan,0.1,0,1,1,0.0,0,0.5,40,nan,-1,nan,-1,nan,-1,-1,nan,-1,-1,-1,-1,-1,-1,-1,0,empty,1.0,0.0,0.0,0,0
scan_0039,0,empty,probability_average,none,nan,0.1,0,1,1,0.0,0,0.5,40,nan,-1,nan,-1,nan,-1,-1,nan,-1,-1,-1,-1,-1,-1,-1,0,empty,1.0,0.0,0.0,0,0
scan_0043,0,empty,probability_average,none,nan,0.1,0,1,1,0.0,0,0.5,40,nan,-1,nan,-1,nan,-1,-1,nan,-1,-1,-1,-1,-1,-1,-1,0,empty,1.0,0.0,0.0,0,0
scan_0046,1853,small,probability_average,none,nan,0.1,0,1,1,0.0,0,0.5,40,nan,-1,nan,-1,nan,-1,-1,nan,-1,-1,-1,-1,-1,-1,-1,578,tiny,0.2575072017379383,9.219544457292887,3.4283365517568245,0,0
scan_0051,4195,small,probability_average,none,nan,0.1,0,1,1,0.0,0,0.5,40,nan,-1,nan,-1,nan,-1,-1,nan,-1,-1,-1,-1,-1,-1,-1,3870,small,0.7566229267682311,28.172680629244752,2.3744044337730386,0,0
scan_0054,280,tiny,probability_average,none,nan,0.1,0,1,1,0.0,0,0.5,40,nan,-1,nan,-1,nan,-1,-1,nan,-1,-1,-1,-1,-1,-1,-1,183,tiny,0.578833702401,15.867753834397156,3.0684970233447575,0,0
scan_0055,0,empty,probability_average,none,nan,0.1,0,1,1,0.0,0,0.5,40,nan,-1,nan,-1,nan,-1,-1,nan,-1,-1,-1,-1,-1,-1,-1,0,empty,1.0,0.0,0.0,0,0
scan_0066,19529,large,probability_average,none,nan,0.1,0,1,1,0.0,0,0.5,40,nan,-1,nan,-1,nan,-1,-1,nan,-1,-1,-1,-1,-1,-1,-1,20099,large,0.7838833384337764,15.106211859232822,2.581474246877683,0,0
scan_0067,0,empty,probability_average,none,nan,0.1,0,1,1,0.0,0,0.5,40,nan,-1,nan,-1,nan,-1,-1,nan,-1,-1,-1,-1,-1,-1,-1,70,tiny,1.428571224489825e-07,441.6729559300637,441.6729559300637,0,1
scan_0071,38009,large,probability_average,none,nan,0.1,0,1,1,0.0,0,0.5,40,nan,-1,nan,-1,nan,-1,-1,nan,-1,-1,-1,-1,-1,-1,-1,41168,large,0.730894072807647,6.0,1.7677508659756525,0,0
scan_0075,0,empty,probability_average,none,nan,0.1,0,1,1,0.0,0,0.5,40,nan,-1,nan,-1,nan,-1,-1,nan,-1,-1,-1,-1,-1,-1,-1,0,empty,1.0,0.0,0.0,0,0
scan_0076,0,empty,probability_average,none,nan,0.1,0,1,1,0.0,0,0.5,40,nan,-1,nan,-1,nan,-1,-1,nan,-1,-1,-1,-1,-1,-1,-1,0,empty,1.0,0.0,0.0,0,0
scan_0078,0,empty,probability_average,none,nan,0.1,0,1,1,0.0,0,0.5,40,nan,-1,nan,-1,nan,-1,-1,nan,-1,-1,-1,-1,-1,-1,-1,0,empty,1.0,0.0,0.0,0,0
scan_0081,0,empty,probability_average,none,nan,0.1,0,1,1,0.0,0,0.5,40,nan,-1,nan,-1,nan,-1,-1,nan,-1,-1,-1,-1,-1,-1,-1,0,empty,1.0,0.0,0.0,0,0
scan_0083,4099,small,probability_average,none,nan,0.1,0,1,1,0.0,0,0.5,40,nan,-1,nan,-1,nan,-1,-1,nan,-1,-1,-1,-1,-1,-1,-1,3800,small,0.7411064695010678,47.94370539955586,4.848679132012021,0,0
scan_0085,8448,large,probability_average,none,nan,0.1,0,1,1,0.0,0,0.5,40,nan,-1,nan,-1,nan,-1,-1,nan,-1,-1,-1,-1,-1,-1,-1,8878,large,0.7764760202132648,3.0,1.7823413511401125,0,0
scan_0092,33356,large,probability_average,none,nan,0.1,0,1,1,0.0,0,0.5,40,nan,-1,nan,-1,nan,-1,-1,nan,-1,-1,-1,-1,-1,-1,-1,35391,large,0.764600637152952,5.0,1.560263910587483,0,0
scan_0095,3726,small,probability_average,none,nan,0.1,0,1,1,0.0,0,0.5,40,nan,-1,nan,-1,nan,-1,-1,nan,-1,-1,-1,-1,-1,-1,-1,4592,small,0.7208463576330292,3.6599937199879204,1.742624805853243,0,0
scan_0111,18370,large,probability_average,none,nan,0.1,0,1,1,0.0,0,0.5,40,nan,-1,nan,-1,nan,-1,-1,nan,-1,-1,-1,-1,-1,-1,-1,13047,large,0.7133717415051177,12.041594578792296,2.714230187029182,0,0
scan_0117,0,empty,probability_average,none,nan,0.1,0,1,1,0.0,0,0.5,40,nan,-1,nan,-1,nan,-1,-1,nan,-1,-1,-1,-1,-1,-1,-1,0,empty,1.0,0.0,0.0,0,0
scan_0124,1339,small,probability_average,none,nan,0.1,0,1,1,0.0,0,0.5,40,nan,-1,nan,-1,nan,-1,-1,nan,-1,-1,-1,-1,-1,-1,-1,1459,small,0.7494646689883488,2.0,0.7346412640230691,0,0
scan_0128,969,tiny,probability_average,none,nan,0.1,0,1,1,0.0,0,0.5,40,nan,-1,nan,-1,nan,-1,-1,nan,-1,-1,-1,-1,-1,-1,-1,135,tiny,0.2373188474880539,57.943482251965385,22.644049597400105,0,0
scan_0132,31383,large,probability_average,none,nan,0.1,0,1,1,0.0,0,0.5,40,nan,-1,nan,-1,nan,-1,-1,nan,-1,-1,-1,-1,-1,-1,-1,10215,large,0.3801803970222055,23.727621035409346,6.376495677963235,0,0
scan_0135,24927,large,probability_average,none,nan,0.1,0,1,1,0.0,0,0.5,40,nan,-1,nan,-1,nan,-1,-1,nan,-1,-1,-1,-1,-1,-1,-1,23897,large,0.8833046612838321,2.0,0.7630715757229835,0,0
scan_0136,0,empty,probability_average,none,nan,0.1,0,1,1,0.0,0,0.5,40,nan,-1,nan,-1,nan,-1,-1,nan,-1,-1,-1,-1,-1,-1,-1,336,tiny,2.9761903876133817e-08,458.5128133433132,458.5128133433132,0,1
scan_0137,32960,large,probability_average,none,nan,0.1,0,1,1,0.0,0,0.5,40,nan,-1,nan,-1,nan,-1,-1,nan,-1,-1,-1,-1,-1,-1,-1,32412,large,0.7412347794558474,8.780644035285613,2.074378157819342,0,0
scan_0143,195,tiny,probability_average,none,nan,0.1,0,1,1,0.0,0,0.5,40,nan,-1,nan,-1,nan,-1,-1,nan,-1,-1,-1,-1,-1,-1,-1,347,tiny,0.5424354327963942,6.127163869988563,1.142807127847933,0,0
scan_0151,595,tiny,probability_average,none,nan,0.1,0,1,1,0.0,0,0.5,40,nan,-1,nan,-1,nan,-1,-1,nan,-1,-1,-1,-1,-1,-1,-1,405,tiny,0.56400000436,51.997525474689276,7.3911197915979105,0,0
scan_0154,406,tiny,probability_average,none,nan,0.1,0,1,1,0.0,0,0.5,40,nan,-1,nan,-1,nan,-1,-1,nan,-1,-1,-1,-1,-1,-1,-1,0,empty,2.4691357415028215e-08,469.96808402273444,469.96808402273444,1,0
scan_0162,524,tiny,probability_average,none,nan,0.1,0,1,1,0.0,0,0.5,40,nan,-1,nan,-1,nan,-1,-1,nan,-1,-1,-1,-1,-1,-1,-1,178,tiny,0.34188035125526567,9.841182897447922,3.086753925766186,0,0
scan_0165,129,tiny,probability_average,none,nan,0.1,0,1,1,0.0,0,0.5,40,nan,-1,nan,-1,nan,-1,-1,nan,-1,-1,-1,-1,-1,-1,-1,142,tiny,0.7749077573834777,1.331370849898469,0.33433819419260674,0,0
scan_0170,0,empty,probability_average,none,nan,0.1,0,1,1,0.0,0,0.5,40,nan,-1,nan,-1,nan,-1,-1,nan,-1,-1,-1,-1,-1,-1,-1,0,empty,1.0,0.0,0.0,0,0
scan_0172,18907,large,probability_average,none,nan,0.1,0,1,1,0.0,0,0.5,40,nan,-1,nan,-1,nan,-1,-1,nan,-1,-1,-1,-1,-1,-1,-1,10754,large,0.6866929639301801,10.295630140987,2.1060131671135864,0,0
scan_0176,400,tiny,probability_average,none,nan,0.1,0,1,1,0.0,0,0.5,40,nan,-1,nan,-1,nan,-1,-1,nan,-1,-1,-1,-1,-1,-1,-1,381,tiny,0.7887323970712882,1.4142135623730951,0.5268291579806464,0,0
scan_0184,0,empty,probability_average,none,nan,0.1,0,1,1,0.0,0,0.5,40,nan,-1,nan,-1,nan,-1,-1,nan,-1,-1,-1,-1,-1,-1,-1,0,empty,1.0,0.0,0.0,0,0
scan_0186,0,empty,probability_average,none,nan,0.1,0,1,1,0.0,0,0.5,40,nan,-1,nan,-1,nan,-1,-1,nan,-1,-1,-1,-1,-1,-1,-1,0,empty,1.0,0.0,0.0,0,0
scan_0198,0,empty,probability_average,none,nan,0.1,0,1,1,0.0,0,0.5,40,nan,-1,nan,-1,nan,-1,-1,nan,-1,-1,-1,-1,-1,-1,-1,0,empty,1.0,0.0,0.0,0,0
scan_0208,357,tiny,probability_average,none,nan,0.1,0,1,1,0.0,0,0.5,40,nan,-1,nan,-1,nan,-1,-1,nan,-1,-1,-1,-1,-1,-1,-1,267,tiny,0.5993589807795034,12.206555615733702,1.7717292567746987,0,0
scan_0215,0,empty,probability_average,none,nan,0.1,0,1,1,0.0,0,0.5,40,nan,-1,nan,-1,nan,-1,-1,nan,-1,-1,-1,-1,-1,-1,-1,0,empty,1.0,0.0,0.0,0,0
scan_0216,254,tiny,probability_average,none,nan,0.1,0,1,1,0.0,0,0.5,40,nan,-1,nan,-1,nan,-1,-1,nan,-1,-1,-1,-1,-1,-1,-1,0,empty,3.9370077190154446e-08,441.6729559300637,441.6729559300637,1,0
scan_0221,0,empty,probability_average,none,nan,0.1,0,1,1,0.0,0,0.5,40,nan,-1,nan,-1,nan,-1,-1,nan,-1,-1,-1,-1,-1,-1,-1,1913,small,5.227391504300097e-09,454.9791204000465,454.9791204000465,0,1
scan_0223,0,empty,probability_average,none,nan,0.1,0,1,1,0.0,0,0.5,40,nan,-1,nan,-1,nan,-1,-1,nan,-1,-1,-1,-1,-1,-1,-1,0,empty,1.0,0.0,0.0,0,0
scan_0230,0,empty,probability_average,none,nan,0.1,0,1,1,0.0,0,0.5,40,nan,-1,nan,-1,nan,-1,-1,nan,-1,-1,-1,-1,-1,-1,-1,0,empty,1.0,0.0,0.0,0,0
scan_0231,7663,large,probability_average,none,nan,0.1,0,1,1,0.0,0,0.5,40,nan,-1,nan,-1,nan,-1,-1,nan,-1,-1,-1,-1,-1,-1,-1,3210,small,0.5313421833228777,17.438461116403708,3.6602887043532655,0,0
scan_0232,1237,small,probability_average,none,nan,0.1,0,1,1,0.0,0,0.5,40,nan,-1,nan,-1,nan,-1,-1,nan,-1,-1,-1,-1,-1,-1,-1,94,tiny,0.11570248598270108,89.35685626020128,42.388661269257994,0,0
scan_0235,0,empty,probability_average,none,nan,0.1,0,1,1,0.0,0,0.5,40,nan,-1,nan,-1,nan,-1,-1,nan,-1,-1,-1,-1,-1,-1,-1,0,empty,1.0,0.0,0.0,0,0
scan_0242,2325,small,probability_average,none,nan,0.1,0,1,1,0.0,0,0.5,40,nan,-1,nan,-1,nan,-1,-1,nan,-1,-1,-1,-1,-1,-1,-1,992,tiny,0.5542530821934082,65.82020926344613,14.02471351737963,0,0
scan_0250,0,empty,probability_average,none,nan,0.1,0,1,1,0.0,0,0.5,40,nan,-1,nan,-1,nan,-1,-1,nan,-1,-1,-1,-1,-1,-1,-1,0,empty,1.0,0.0,0.0,0,0
scan_0253,0,empty,probability_average,none,nan,0.1,0,1,1,0.0,0,0.5,40,nan,-1,nan,-1,nan,-1,-1,nan,-1,-1,-1,-1,-1,-1,-1,0,empty,1.0,0.0,0.0,0,0
scan_0257,0,empty,probability_average,none,nan,0.1,0,1,1,0.0,0,0.5,40,nan,-1,nan,-1,nan,-1,-1,nan,-1,-1,-1,-1,-1,-1,-1,45,very_tiny,2.2222217283951715e-07,498.8687202060278,498.8687202060278,0,1
scan_0260,32805,large,probability_average,none,nan,0.1,0,1,1,0.0,0,0.5,40,nan,-1,nan,-1,nan,-1,-1,nan,-1,-1,-1,-1,-1,-1,-1,36339,large,0.8773061130245061,2.23606797749979,0.8204953323220987,0,0
scan_0262,1082,small,probability_average,none,nan,0.1,0,1,1,0.0,0,0.5,40,nan,-1,nan,-1,nan,-1,-1,nan,-1,-1,-1,-1,-1,-1,-1,152,tiny,8.103727649078383e-09,45.721979096051086,29.273421726992183,0,0
scan_0263,439,tiny,probability_average,none,nan,0.1,0,1,1,0.0,0,0.5,40,nan,-1,nan,-1,nan,-1,-1,nan,-1,-1,-1,-1,-1,-1,-1,0,empty,2.2779042761297436e-08,441.6729559300637,441.6729559300637,1,0
scan_0265,14493,large,probability_average,none,nan,0.1,0,1,1,0.0,0,0.5,40,nan,-1,nan,-1,nan,-1,-1,nan,-1,-1,-1,-1,-1,-1,-1,11996,large,0.7712270379196458,3.605551275463989,1.1399666708620615,0,0
scan_0266,0,empty,probability_average,none,nan,0.1,0,1,1,0.0,0,0.5,40,nan,-1,nan,-1,nan,-1,-1,nan,-1,-1,-1,-1,-1,-1,-1,0,empty,1.0,0.0,0.0,0,0
scan_0268,0,empty,probability_average,none,nan,0.1,0,1,1,0.0,0,0.5,40,nan,-1,nan,-1,nan,-1,-1,nan,-1,-1,-1,-1,-1,-1,-1,0,empty,1.0,0.0,0.0,0,0
scan_0274,84,tiny,probability_average,none,nan,0.1,0,1,1,0.0,0,0.5,40,nan,-1,nan,-1,nan,-1,-1,nan,-1,-1,-1,-1,-1,-1,-1,76,tiny,0.8125000117187493,1.0,0.32571697626662305,0,0
scan_0276,2136,small,probability_average,none,nan,0.1,0,1,1,0.0,0,0.5,40,nan,-1,nan,-1,nan,-1,-1,nan,-1,-1,-1,-1,-1,-1,-1,1768,small,0.7689549186246032,2.0,1.066753957122826,0,0
scan_0280,1231,small,probability_average,none,nan,0.1,0,1,1,0.0,0,0.5,40,nan,-1,nan,-1,nan,-1,-1,nan,-1,-1,-1,-1,-1,-1,-1,559,tiny,0.5608938572017103,6.928203230275509,1.8126022267421582,0,0
scan_0282,42728,large,probability_average,none,nan,0.1,0,1,1,0.0,0,0.5,40,nan,-1,nan,-1,nan,-1,-1,nan,-1,-1,-1,-1,-1,-1,-1,38873,large,0.8110684918308515,5.0,1.4095711135340352,0,0
scan_0286,0,empty,probability_average,none,nan,0.1,0,1,1,0.0,0,0.5,40,nan,-1,nan,-1,nan,-1,-1,nan,-1,-1,-1,-1,-1,-1,-1,0,empty,1.0,0.0,0.0,0,0
scan_0287,0,empty,probability_average,none,nan,0.1,0,1,1,0.0,0,0.5,40,nan,-1,nan,-1,nan,-1,-1,nan,-1,-1,-1,-1,-1,-1,-1,0,empty,1.0,0.0,0.0,0,0
scan_0293,271,tiny,probability_average,none,nan,0.1,0,1,1,0.0,0,0.5,40,nan,-1,nan,-1,nan,-1,-1,nan,-1,-1,-1,-1,-1,-1,-1,203,tiny,0.6793249012800654,37.70941526992961,5.933485074398962,0,0
scan_0295,25797,large,probability_average,none,nan,0.1,0,1,1,0.0,0,0.5,40,nan,-1,nan,-1,nan,-1,-1,nan,-1,-1,-1,-1,-1,-1,-1,24529,large,0.7912603039445307,3.0,1.243499963021706,0,0
scan_0300,12269,large,probability_average,none,nan,0.1,0,1,1,0.0,0,0.5,40,nan,-1,nan,-1,nan,-1,-1,nan,-1,-1,-1,-1,-1,-1,-1,6984,large,0.6638266924703482,4.58257569495584,1.9906849978278618,0,0
scan_0304,0,empty,probability_average,none,nan,0.1,0,1,1,0.0,0,0.5,40,nan,-1,nan,-1,nan,-1,-1,nan,-1,-1,-1,-1,-1,-1,-1,0,empty,1.0,0.0,0.0,0,0
scan_0305,10960,large,probability_average,none,nan,0.1,0,1,1,0.0,0,0.5,40,nan,-1,nan,-1,nan,-1,-1,nan,-1,-1,-1,-1,-1,-1,-1,5984,large,0.67540132219346,21.72438524714306,2.897277414226078,0,0
scan_0317,0,empty,probability_average,none,nan,0.1,0,1,1,0.0,0,0.5,40,nan,-1,nan,-1,nan,-1,-1,nan,-1,-1,-1,-1,-1,-1,-1,0,empty,1.0,0.0,0.0,0,0
scan_0319,1196,small,probability_average,none,nan,0.1,0,1,1,0.0,0,0.5,40,nan,-1,nan,-1,nan,-1,-1,nan,-1,-1,-1,-1,-1,-1,-1,95,tiny,7.788161933114004e-09,110.88507502246603,91.6900108365795,0,0
scan_0325,0,empty,probability_average,none,nan,0.1,0,1,1,0.0,0,0.5,40,nan,-1,nan,-1,nan,-1,-1,nan,-1,-1,-1,-1,-1,-1,-1,0,empty,1.0,0.0,0.0,0,0
scan_0327,0,empty,probability_average,none,nan,0.1,0,1,1,0.0,0,0.5,40,nan,-1,nan,-1,nan,-1,-1,nan,-1,-1,-1,-1,-1,-1,-1,0,empty,1.0,0.0,0.0,0,0
scan_0332,0,empty,probability_average,none,nan,0.1,0,1,1,0.0,0,0.5,40,nan,-1,nan,-1,nan,-1,-1,nan,-1,-1,-1,-1,-1,-1,-1,0,empty,1.0,0.0,0.0,0,0
scan_0337,0,empty,probability_average,none,nan,0.1,0,1,1,0.0,0,0.5,40,nan,-1,nan,-1,nan,-1,-1,nan,-1,-1,-1,-1,-1,-1,-1,0,empty,1.0,0.0,0.0,0,0
scan_0338,4943,small,probability_average,none,nan,0.1,0,1,1,0.0,0,0.5,40,nan,-1,nan,-1,nan,-1,-1,nan,-1,-1,-1,-1,-1,-1,-1,4109,small,0.8186241983868345,2.449489742783178,0.722644510149272,0,0
scan_0339,0,empty,probability_average,none,nan,0.1,0,1,1,0.0,0,0.5,40,nan,-1,nan,-1,nan,-1,-1,nan,-1,-1,-1,-1,-1,-1,-1,0,empty,1.0,0.0,0.0,0,0
scan_0342,6707,large,probability_average,none,nan,0.1,0,1,1,0.0,0,0.5,40,nan,-1,nan,-1,nan,-1,-1,nan,-1,-1,-1,-1,-1,-1,-1,6467,large,0.7605313094796726,3.7416573867739413,1.5864632880082123,0,0
scan_0345,5915,large,probability_average,none,nan,0.1,0,1,1,0.0,0,0.5,40,nan,-1,nan,-1,nan,-1,-1,nan,-1,-1,-1,-1,-1,-1,-1,5114,large,0.6478540970439578,21.768094374155375,5.345206306277547,0,0
scan_0348,0,empty,probability_average,none,nan,0.1,0,1,1,0.0,0,0.5,40,nan,-1,nan,-1,nan,-1,-1,nan,-1,-1,-1,-1,-1,-1,-1,41,very_tiny,2.43902379536005e-07,441.6729559300637,441.6729559300637,0,1
scan_0349,1314,small,probability_average,none,nan,0.1,0,1,1,0.0,0,0.5,40,nan,-1,nan,-1,nan,-1,-1,nan,-1,-1,-1,-1,-1,-1,-1,0,empty,7.610350018186074e-09,441.6729559300637,441.6729559300637,1,0
scan_0352,0,empty,probability_average,none,nan,0.1,0,1,1,0.0,0,0.5,40,nan,-1,nan,-1,nan,-1,-1,nan,-1,-1,-1,-1,-1,-1,-1,0,empty,1.0,0.0,0.0,0,0
scan_0355,0,empty,probability_average,none,nan,0.1,0,1,1,0.0,0,0.5,40,nan,-1,nan,-1,nan,-1,-1,nan,-1,-1,-1,-1,-1,-1,-1,0,empty,1.0,0.0,0.0,0,0
scan_0356,0,empty,probability_average,none,nan,0.1,0,1,1,0.0,0,0.5,40,nan,-1,nan,-1,nan,-1,-1,nan,-1,-1,-1,-1,-1,-1,-1,0,empty,1.0,0.0,0.0,0,0
scan_0357,57715,large,probability_average,none,nan,0.1,0,1,1,0.0,0,0.5,40,nan,-1,nan,-1,nan,-1,-1,nan,-1,-1,-1,-1,-1,-1,-1,67323,large,0.8092823900227676,4.123105625617661,1.231384696144772,0,0
scan_0364,0,empty,probability_average,none,nan,0.1,0,1,1,0.0,0,0.5,40,nan,-1,nan,-1,nan,-1,-1,nan,-1,-1,-1,-1,-1,-1,-1,0,empty,1.0,0.0,0.0,0,0
scan_0378,19074,large,probability_average,none,nan,0.1,0,1,1,0.0,0,0.5,40,nan,-1,nan,-1,nan,-1,-1,nan,-1,-1,-1,-1,-1,-1,-1,15287,large,0.7088268677544812,23.08679276123039,3.253841797960812,0,0
scan_0383,5678,large,probability_average,none,nan,0.1,0,1,1,0.0,0,0.5,40,nan,-1,nan,-1,nan,-1,-1,nan,-1,-1,-1,-1,-1,-1,-1,2349,small,0.4143515642028759,55.91421955846961,15.56169943351886,0,0
scan_0384,2677,small,probability_average,none,nan,0.1,0,1,1,0.0,0,0.5,40,nan,-1,nan,-1,nan,-1,-1,nan,-1,-1,-1,-1,-1,-1,-1,1519,small,0.6387035280297819,8.06225774829855,1.6262301641488952,0,0
scan_0388,170932,large,probability_average,none,nan,0.1,0,1,1,0.0,0,0.5,40,nan,-1,nan,-1,nan,-1,-1,nan,-1,-1,-1,-1,-1,-1,-1,102916,large,0.7312840961472264,11.0,2.8157932409139903,0,0
scan_0570,0,empty,probability_average,none,nan,0.1,0,1,1,0.0,0,0.5,40,nan,-1,nan,-1,nan,-1,-1,nan,-1,-1,-1,-1,-1,-1,-1,0,empty,1.0,0.0,0.0,0,0
scan_0778,3096,small,probability_average,none,nan,0.1,0,1,1,0.0,0,0.5,40,nan,-1,nan,-1,nan,-1,-1,nan,-1,-1,-1,-1,-1,-1,-1,4705,small,0.6486209112910571,20.639767440550294,4.419851115569089,0,0
scan_1015,19002,large,probability_average,none,nan,0.1,0,1,1,0.0,0,0.5,40,nan,-1,nan,-1,nan,-1,-1,nan,-1,-1,-1,-1,-1,-1,-1,932,tiny,0.06842580562434744,39.51708442655413,13.393053020289795,0,0
