phase,epoch,train_loss,train_dice,val_loss,val_dice,monitor_metric,monitor_value,lr_head,lr_partial,lr_full
train,1,1.150103403659577,0.3332439507329421,1.0729419037980854,0.38387993492692096,val_dice,0.38387993492692096,0.0,0.0,5e-05
train,2,1.0414295135660374,0.31196108848798454,1.0223092493021264,0.41509437126752347,val_dice,0.41509437126752347,0.0,0.0,0.0001
train,3,1.0032770877188824,0.13210578296391415,0.9842614430301594,0.08436216191574178,val_dice,0.08436216191574178,0.0,0.0,0.0001
train,4,0.9678354930370412,0.13949253487473073,0.9581016695724344,0.10704089912890957,val_dice,0.10704089912890957,0.0,0.0,9.969793584132822e-05
train,5,0.9436718534916005,0.162726746604006,0.9287475218188088,0.11791979745324348,val_dice,0.11791979745324348,0.0,0.0,9.93957699602267e-05
train,6,0.918471551829196,0.15563493030011286,0.9194669858464655,0.10911861036645217,val_dice,0.10911861036645217,0.0,0.0,9.909350197860755e-05
train,7,0.8935352248080233,0.15560085739789906,0.8688944533186139,0.17152979628804413,val_dice,0.17152979628804413,0.0,0.0,9.879113151569102e-05
train,8,0.8787320620202004,0.17293891230320352,0.8508144198161252,0.19921781239917874,val_dice,0.19921781239917874,0.0,0.0,9.848865818797696e-05
train,9,0.8628383231923935,0.1758671975635385,0.8285473225251684,0.2964265646756084,val_dice,0.2964265646756084,0.0,0.0,9.818608160921617e-05
train,10,0.853061617752339,0.17133185008917556,0.8420709692082315,0.19526622034521865,val_dice,0.19526622034521865,0.0,0.0,9.788340139038104e-05
train,11,0.8317158298289522,0.2060192715785682,0.8004464026329652,0.23864060971473647,val_dice,0.23864060971473647,0.0,0.0,9.758061713963617e-05
train,12,0.8210671114160659,0.22673743645529304,0.7911711450455323,0.2300475148067805,val_dice,0.2300475148067805,0.0,0.0,9.72777284623081e-05
train,13,0.8084682328269837,0.24348409532885176,0.7998561974403993,0.2247868952140768,val_dice,0.2247868952140768,0.0,0.0,9.69747349608551e-05
train,14,0.8060465031481804,0.2545114977478682,0.7909846035939343,0.2837255206028607,val_dice,0.2837255206028607,0.0,0.0,9.667163623483608e-05
train,15,0.8075033682457944,0.2279779112153457,0.7816256498390773,0.23897283062261465,val_dice,0.23897283062261465,0.0,0.0,9.636843188087944e-05
train,16,0.783474042567801,0.26062949117168854,0.7625818637744436,0.306971410593728,val_dice,0.306971410593728,0.0,0.0,9.60651214926512e-05
train,17,0.78433034217104,0.28420904896648314,0.7664267592272669,0.2488463657884677,val_dice,0.2488463657884677,0.0,0.0,9.576170466082275e-05
train,18,0.7789436231268213,0.286878553410517,0.7987623630829577,0.3453090693662663,val_dice,0.3453090693662663,0.0,0.0,9.545818097303829e-05
train,19,0.7942006002081201,0.26375509495713473,0.7644392842391752,0.2516464310965796,val_dice,0.2516464310965796,0.0,0.0,9.515455001388152e-05
train,20,0.7861384204093446,0.25264817254475147,0.7905618596189427,0.3739332106563211,val_dice,0.3739332106563211,0.0,0.0,9.485081136484204e-05
train,21,0.7644787869554885,0.29843844659839436,0.7470264648491481,0.33802995505373384,val_dice,0.33802995505373384,0.0,0.0,9.454696460428126e-05
train,22,0.7616720219875904,0.3261470587971333,0.743200567252231,0.2847450355586013,val_dice,0.2847450355586013,0.0,0.0,9.424300930739767e-05
train,23,0.7686454510435144,0.2823248223179176,0.7678305979044933,0.24381316661504296,val_dice,0.24381316661504296,0.0,0.0,9.393894504619177e-05
train,24,0.77208531340386,0.27751705318494296,0.743030846118927,0.26734845768512205,val_dice,0.26734845768512205,0.0,0.0,9.363477138943034e-05
train,25,0.7651801413044016,0.28540232878592275,0.7383028372841062,0.28912256954860116,val_dice,0.28912256954860116,0.0,0.0,9.33304879026103e-05
train,26,0.7539701352728174,0.3376547272161431,0.7315709956412045,0.3149860547681215,val_dice,0.3149860547681215,0.0,0.0,9.302609414792192e-05
train,27,0.7670375610919709,0.3024421416727951,0.7350930099217396,0.4242618447761417,val_dice,0.4242618447761417,0.0,0.0,9.272158968421161e-05
train,28,0.7553475032461451,0.33307506425828987,0.7175860545545254,0.31154510423318865,val_dice,0.31154510423318865,0.0,0.0,9.241697406694397e-05
train,29,0.7549584812940435,0.32925624216955657,0.722718284096358,0.2852546264450282,val_dice,0.2852546264450282,0.0,0.0,9.211224684816352e-05
train,30,0.7447866058095972,0.3253309212005229,0.7183325105118301,0.32841707308212814,val_dice,0.32841707308212814,0.0,0.0,9.180740757645559e-05
train,31,0.7588565996352662,0.33680769097918134,0.7313966354671514,0.31494430069811485,val_dice,0.31494430069811485,0.0,0.0,9.15024557969068e-05
train,32,0.7629600982716743,0.31059770375474427,0.738095889957446,0.4246844621586665,val_dice,0.4246844621586665,0.0,0.0,9.119739105106492e-05
train,33,0.7441112726292711,0.3834284558841616,0.7180277578673273,0.31127142498259297,val_dice,0.31127142498259297,0.0,0.0,9.089221287689796e-05
train,34,0.7401660702964092,0.4009122206041893,0.7249708577709378,0.4927491716352641,val_dice,0.4927491716352641,0.0,0.0,9.058692080875291e-05
train,35,0.743982303903458,0.3417698347765201,0.7038777484646384,0.3436270334507875,val_dice,0.3436270334507875,0.0,0.0,9.028151437731354e-05
train,36,0.741258614684673,0.3318588662231037,0.6955416033852775,0.42608939174690075,val_dice,0.42608939174690075,0.0,0.0,8.997599310955782e-05
train,37,0.73708980286375,0.37434588421907616,0.7229098475204324,0.3213820697552786,val_dice,0.3213820697552786,0.0,0.0,8.967035652871448e-05
train,38,0.7387040098296835,0.36302760268421064,0.7769694660069808,0.3836753034431227,val_dice,0.3836753034431227,0.0,0.0,8.936460415421904e-05
train,39,0.7520056179863341,0.33846040397687016,0.7192746904098762,0.4203972050690172,val_dice,0.4203972050690172,0.0,0.0,8.905873550166898e-05
train,40,0.72560071742281,0.3661905647830776,0.7067092696450791,0.43175262091279404,val_dice,0.43175262091279404,0.0,0.0,8.875275008277853e-05
train,41,0.7450120391997885,0.3642955525843755,0.7241822973174868,0.28679576113024474,val_dice,0.28679576113024474,0.0,0.0,8.844664740533225e-05
train,42,0.7446948397032758,0.36631352223314284,0.7125246223976027,0.42804216141482215,val_dice,0.42804216141482215,0.0,0.0,8.814042697313844e-05
train,43,0.7274853791962279,0.35050123174495756,0.7180362225703474,0.3652935197011692,val_dice,0.3652935197011692,0.0,0.0,8.783408828598134e-05
train,44,0.7310297672418837,0.34918221458228854,0.7424134426521805,0.26439280345699606,val_dice,0.26439280345699606,0.0,0.0,8.752763083957288e-05
train,45,0.7287948847451109,0.37764640837244046,0.7293973536986225,0.5041647680493584,val_dice,0.5041647680493584,0.0,0.0,8.722105412550353e-05
train,46,0.7404991108052275,0.3639412978712105,0.7092299998368857,0.3168159073221818,val_dice,0.3168159073221818,0.0,0.0,8.691435763119236e-05
train,47,0.7315206449082557,0.36893972787916757,0.7156303617751824,0.36681779910165474,val_dice,0.36681779910165474,0.0,0.0,8.660754083983626e-05
train,48,0.7280686650504458,0.3789196274519344,0.7123951332749061,0.39096040391256826,val_dice,0.39096040391256826,0.0,0.0,8.630060323035859e-05
train,49,0.7078440612935005,0.39485977116028886,0.6999604493941901,0.4200942954948594,val_dice,0.4200942954948594,0.0,0.0,8.599354427735657e-05
train,50,0.7279745915468703,0.3958176520993799,0.6885449371810229,0.4329395532732311,val_dice,0.4329395532732311,0.0,0.0,8.568636345104822e-05
train,51,0.72208019761329,0.442081045767449,0.7184009110590197,0.4772835579667485,val_dice,0.4772835579667485,0.0,0.0,8.537906021721817e-05
train,52,0.7127570698869989,0.4259510385984583,0.7010656491203128,0.36330234515726745,val_dice,0.36330234515726745,0.0,0.0,8.507163403716272e-05
train,53,0.7142082161725836,0.39939724449774333,0.7201014543479344,0.2874965243815076,val_dice,0.2874965243815076,0.0,0.0,8.476408436763398e-05
train,54,0.7054532179173003,0.3973821566888629,0.7010279494636463,0.3463005623910727,val_dice,0.3463005623910727,0.0,0.0,8.445641066078292e-05
train,55,0.7044724041477163,0.40435255345856225,0.6880940218579095,0.35804202829929277,val_dice,0.35804202829929277,0.0,0.0,8.41486123641018e-05
train,56,0.7087842543074425,0.3888221280084876,0.7111364659273399,0.5225379562531184,val_dice,0.5225379562531184,0.0,0.0,8.384068892036529e-05
train,57,0.7099769719737641,0.4350873407781499,0.7067940341976454,0.4338170661436793,val_dice,0.4338170661436793,0.0,0.0,8.353263976757087e-05
train,58,0.7186694911819823,0.4232385715030593,0.6974536745615725,0.44121261499817443,val_dice,0.44121261499817443,0.0,0.0,8.322446433887803e-05
train,59,0.7139396536223432,0.45683677097583114,0.6885405427442407,0.4148769799767665,val_dice,0.4148769799767665,0.0,0.0,8.291616206254664e-05
train,60,0.703866324716426,0.44437564873908664,0.6863415837287903,0.41496682117259764,val_dice,0.41496682117259764,0.0,0.0,8.26077323618741e-05
train,61,0.7154114347189031,0.42917827508736084,0.7287288195682022,0.4306043907148374,val_dice,0.4306043907148374,0.0,0.0,8.229917465513152e-05
train,62,0.7147084213951801,0.43840172540862854,0.6980816592585366,0.4422090730549095,val_dice,0.4422090730549095,0.0,0.0,8.19904883554988e-05
train,63,0.7105116799156717,0.37035135083321297,0.6893979887355048,0.4113723643447287,val_dice,0.4113723643447287,0.0,0.0,8.168167287099852e-05
train,64,0.7060851648766944,0.4462617061603093,0.6843212038840888,0.45327193898531437,val_dice,0.45327193898531437,0.0,0.0,8.137272760442878e-05
train,65,0.7049598005223782,0.4608409449125156,0.6904135647247422,0.4481597202003013,val_dice,0.4481597202003013,0.0,0.0,8.106365195329488e-05
train,66,0.7057155396075959,0.45119260270915607,0.6855973345491121,0.4177171188001359,val_dice,0.4177171188001359,0.0,0.0,8.075444530973979e-05
train,67,0.7057694578424413,0.41067021575290963,0.7052942207961712,0.33738036901965507,val_dice,0.33738036901965507,0.0,0.0,8.044510706047329e-05
train,68,0.7166481175321213,0.3576709169120952,0.6959754633453658,0.3306475824328827,val_dice,0.3306475824328827,0.0,0.0,8.01356365867001e-05
train,69,0.7012610633956625,0.4831301857396832,0.6842729752918459,0.3227623823027833,val_dice,0.3227623823027833,0.0,0.0,7.982603326404652e-05
train,70,0.6966644704341889,0.3943044503677266,0.6913653870798507,0.3524865725049015,val_dice,0.3524865725049015,0.0,0.0,7.951629646248599e-05
train,71,0.7154166186109502,0.43016132378656796,0.6819876064107103,0.4771001134868885,val_dice,0.4771001134868885,0.0,0.0,7.920642554626309e-05
train,72,0.6927172576493406,0.47842153164666323,0.6956614236224372,0.3871220537578908,val_dice,0.3871220537578908,0.0,0.0,7.889641987381638e-05
train,73,0.6931643804971208,0.4487107812731028,0.6965296577732518,0.5171340847426598,val_dice,0.5171340847426598,0.0,0.0,7.858627879769974e-05
train,74,0.6875379550964275,0.4593060020773754,0.686055914973313,0.3792664336030854,val_dice,0.3792664336030854,0.0,0.0,7.82760016645024e-05
train,75,0.6969892898772625,0.46409988818540654,0.6950221730853027,0.519056963452749,val_dice,0.519056963452749,0.0,0.0,7.796558781476745e-05
train,76,0.7046178164000206,0.44488172890653993,0.6716917235896273,0.4479379402958491,val_dice,0.4479379402958491,0.0,0.0,7.76550365829088e-05
train,77,0.6897457413216854,0.47519300631014944,0.7230095615926778,0.3444280036338359,val_dice,0.3444280036338359,0.0,0.0,7.734434729712682e-05
train,78,0.6963415574520192,0.40850022998034274,0.7001624579699535,0.4768495742442808,val_dice,0.4768495742442808,0.0,0.0,7.70335192793223e-05
train,79,0.7007213884845693,0.4426486462638214,0.6892675296315607,0.4492187408635261,val_dice,0.4492187408635261,0.0,0.0,7.672255184500886e-05
train,80,0.7015591034229766,0.43998873477309663,0.6839109178421632,0.32371760161515384,val_dice,0.32371760161515384,0.0,0.0,7.641144430322369e-05
train,81,0.6954706809622176,0.4207486651034398,0.6715309240345685,0.46628355204503835,val_dice,0.46628355204503835,0.0,0.0,7.610019595643673e-05
train,82,0.6961322332316257,0.3901782328962031,0.7023636420380395,0.37920707954974475,val_dice,0.37920707954974475,0.0,0.0,7.578880610045809e-05
train,83,0.6902126070032728,0.44004322119290806,0.7064952988107249,0.3932626423580676,val_dice,0.3932626423580676,0.0,0.0,7.547727402434378e-05
train,84,0.698003155246694,0.4666410222945835,0.6863631620159689,0.3960886673532441,val_dice,0.3960886673532441,0.0,0.0,7.516559901029964e-05
train,85,0.6916386612552278,0.45391076200281016,0.6886741566770481,0.4111717804991323,val_dice,0.4111717804991323,0.0,0.0,7.485378033358342e-05
train,86,0.670342440173981,0.47493599419192273,0.6916944139970923,0.5595796686515981,val_dice,0.5595796686515981,0.0,0.0,7.454181726240504e-05
train,87,0.6898536095593838,0.48585374805141135,0.6879913531384378,0.48652967865225627,val_dice,0.48652967865225627,0.0,0.0,7.422970905782498e-05
train,88,0.6856711376220622,0.45521303654076706,0.7006943473276103,0.3815388178979689,val_dice,0.3815388178979689,0.0,0.0,7.391745497365072e-05
train,89,0.6823150826895491,0.4800635385333957,0.6719753764710337,0.4275348486746375,val_dice,0.4275348486746375,0.0,0.0,7.3605054256331e-05
train,90,0.6955427125413367,0.4875706098699146,0.6910037381469079,0.35385492246262445,val_dice,0.35385492246262445,0.0,0.0,7.329250614484843e-05
train,91,0.6726371453797564,0.5574774651011866,0.6822601416200962,0.5128393683507251,val_dice,0.5128393683507251,0.0,0.0,7.297980987060953e-05
train,92,0.6734489561395443,0.5168986819594863,0.704513892531395,0.49178388869475875,val_dice,0.49178388869475875,0.0,0.0,7.266696465733299e-05
train,93,0.7001146783854099,0.49624570269516804,0.6810743873411754,0.4225860253717744,val_dice,0.4225860253717744,0.0,0.0,7.235396972093563e-05
train,94,0.6809039096883003,0.496200033788832,0.6734231510814631,0.4093934319501421,val_dice,0.4093934319501421,0.0,0.0,7.204082426941602e-05
train,95,0.6812058230029776,0.4340765337214863,0.6683418837920675,0.487783798354207,val_dice,0.487783798354207,0.0,0.0,7.17275275027359e-05
train,96,0.6865718261992678,0.5225740483946216,0.6744245422898598,0.42763911929532655,val_dice,0.42763911929532655,0.0,0.0,7.14140786126992e-05
train,97,0.6673044817878845,0.49501714780530764,0.6774093486228079,0.5735492221759476,val_dice,0.5735492221759476,0.0,0.0,7.110047678282869e-05
train,98,0.6880646549640818,0.49323982463173044,0.6747470315334931,0.3706731492311065,val_dice,0.3706731492311065,0.0,0.0,7.078672118824005e-05
train,99,0.6906726938612917,0.45886866324414655,0.6824402946908519,0.43751597779795365,val_dice,0.43751597779795365,0.0,0.0,7.047281099551343e-05
train,100,0.6767683428652743,0.4859857513609084,0.70229952712104,0.5485423961915171,val_dice,0.5485423961915171,0.0,0.0,7.015874536256251e-05
train,101,0.6779313845203278,0.4927380974628702,0.6944536957538353,0.4441799567841634,val_dice,0.4441799567841634,0.0,0.0,6.984452343850077e-05
train,102,0.6933480309045061,0.5006785533129144,0.6891846935141761,0.31764480235700654,val_dice,0.31764480235700654,0.0,0.0,6.953014436350502e-05
train,103,0.6907160739315317,0.4948431824577348,0.6951324953785483,0.4614250351034296,val_dice,0.4614250351034296,0.0,0.0,6.921560726867612e-05
train,104,0.6701188961242107,0.5410759302311949,0.6901988013173049,0.3538819465361826,val_dice,0.3538819465361826,0.0,0.0,6.890091127589695e-05
train,105,0.6730272338745442,0.5170655352228187,0.6664829417219702,0.43360313695024894,val_dice,0.43360313695024894,0.0,0.0,6.858605549768724e-05
train,106,0.675898651303129,0.5181281155239311,0.6821179536153685,0.4555603207873671,val_dice,0.4555603207873671,0.0,0.0,6.827103903705547e-05
train,107,0.6577873521662773,0.5241779104854759,0.6733128540920761,0.5574466147841983,val_dice,0.5574466147841983,0.0,0.0,6.795586098734759e-05
train,108,0.6670435534512743,0.5464462564144831,0.6838191064461222,0.4356580178750329,val_dice,0.4356580178750329,0.0,0.0,6.764052043209257e-05
train,109,0.6723146093652603,0.5490919622349265,0.6958213479451414,0.4036987070495033,val_dice,0.4036987070495033,0.0,0.0,6.732501644484476e-05
train,110,0.6684720998114728,0.5231296806730932,0.6763484239015939,0.4034115428207646,val_dice,0.4034115428207646,0.0,0.0,6.70093480890227e-05
train,111,0.675107420378543,0.49085198490237464,0.6731340902031593,0.4272951122884874,val_dice,0.4272951122884874,0.0,0.0,6.669351441774461e-05
train,112,0.6890707505510208,0.47908027858684576,0.6711265247947765,0.5225858773192337,val_dice,0.5225858773192337,0.0,0.0,6.637751447366028e-05
train,113,0.6815995211930985,0.5737354327867297,0.663824662285031,0.4543630618615993,val_dice,0.4543630618615993,0.0,0.0,6.606134728877931e-05
train,114,0.6844939103151889,0.521747242211533,0.6548054384173088,0.4452264625924423,val_dice,0.4452264625924423,0.0,0.0,6.574501188429562e-05
train,115,0.6873813728702829,0.5042039839582844,0.6765341966781976,0.5191935396183885,val_dice,0.5191935396183885,0.0,0.0,6.542850727040809e-05
train,116,0.6925407256851805,0.5058699892233806,0.6840134521700302,0.4159609998442939,val_dice,0.4159609998442939,0.0,0.0,6.51118324461373e-05
train,117,0.6660081810773687,0.5027433326784526,0.703196756682306,0.3782102439716862,val_dice,0.3782102439716862,0.0,0.0,6.479498639913806e-05
train,118,0.6756519470443116,0.5415459515309073,0.6835885438716637,0.36002775312245566,val_dice,0.36002775312245566,0.0,0.0,6.447796810550796e-05
train,119,0.6644470136850438,0.5692912878832889,0.6680588328613425,0.4879883404035293,val_dice,0.4879883404035293,0.0,0.0,6.416077652959159e-05
train,120,0.6737229965468671,0.5143385332330992,0.6753890997958634,0.4270486666160733,val_dice,0.4270486666160733,0.0,0.0,6.384341062378006e-05
train,121,0.668126226549453,0.5215683955952284,0.6591330876327911,0.42139397467075534,val_dice,0.42139397467075534,0.0,0.0,6.352586932830646e-05
train,122,0.6725339709444249,0.5785090154069779,0.673916185801884,0.6137522436158529,val_dice,0.6137522436158529,0.0,0.0,6.320815157103629e-05
train,123,0.6710621103327326,0.52889486616121,0.6768941384441448,0.5917088948096259,val_dice,0.5917088948096259,0.0,0.0,6.289025626725324e-05
train,124,0.660079933290786,0.5825781587450436,0.6752397589526087,0.42245791915228065,val_dice,0.42245791915228065,0.0,0.0,6.257218231943999e-05
train,125,0.6742358645226093,0.5110858655494971,0.6755558128626842,0.5538233428587299,val_dice,0.5538233428587299,0.0,0.0,6.225392861705391e-05
train,126,0.6762662144417458,0.5001413766766337,0.6755816360127251,0.5371129521402139,val_dice,0.5371129521402139,0.0,0.0,6.193549403629765e-05
train,127,0.6602191026540513,0.5290400240656389,0.6764520752542423,0.4604645873106654,val_dice,0.4604645873106654,0.0,0.0,6.161687743988419e-05
train,128,0.6679337252961829,0.5896537376663912,0.6645411829341132,0.5104009581439607,val_dice,0.5104009581439607,0.0,0.0,6.129807767679651e-05
train,129,0.6610510540769455,0.5152368093769081,0.6725415494644417,0.4476406561516426,val_dice,0.4476406561516426,0.0,0.0,6.097909358204136e-05
train,130,0.6467390254456946,0.5630707887840376,0.6554858268431898,0.4284435826714359,val_dice,0.4284435826714359,0.0,0.0,6.065992397639744e-05
train,131,0.6462945196856844,0.5957871542273522,0.6582146672145376,0.4415185505201698,val_dice,0.4415185505201698,0.0,0.0,6.034056766615727e-05
train,132,0.6641053912487436,0.5365350001825934,0.6665086498800313,0.3763945859276474,val_dice,0.3763945859276474,0.0,0.0,6.0021023442863e-05
train,133,0.6806955584820281,0.5314698782352414,0.6591776260789836,0.49661289856250806,val_dice,0.49661289856250806,0.0,0.0,5.970129008303574e-05
train,134,0.670893114614994,0.5566999214150103,0.6749238936968569,0.40683899715614263,val_dice,0.40683899715614263,0.0,0.0,5.938136634789828e-05
train,135,0.6600230036897862,0.5757263798385023,0.6644356048332071,0.37895173775939994,val_dice,0.37895173775939994,0.0,0.0,5.906125098309104e-05
train,136,0.6610954113463138,0.5520267418578403,0.6609444466401946,0.4773734366199055,val_dice,0.4773734366199055,0.0,0.0,5.874094271838099e-05
train,137,0.6611825869438496,0.5413729930122482,0.667881282995332,0.5630243991792054,val_dice,0.5630243991792054,0.0,0.0,5.842044026736328e-05
train,138,0.6535917159090651,0.529411506700892,0.6558196432185623,0.5380978980815713,val_dice,0.5380978980815713,0.0,0.0,5.8099742327155516e-05
train,139,0.6546041513377048,0.5797573872062486,0.6728901792809648,0.42644401704744284,val_dice,0.42644401704744284,0.0,0.0,5.77788475780842e-05
train,140,0.6677461486547551,0.5279473156984595,0.6741207126738891,0.44373803191119693,val_dice,0.44373803191119693,0.0,0.0,5.7457754683363385e-05
train,141,0.66769127858446,0.48476865565285476,0.6667628648146143,0.4532114655497492,val_dice,0.4532114655497492,0.0,0.0,5.7136462288765045e-05
train,142,0.6479670771893035,0.5430306039710948,0.6572492907069764,0.48040440343308616,val_dice,0.48040440343308616,0.0,0.0,5.6814969022281e-05
train,143,0.663575699735195,0.53587888030414,0.6744138235753437,0.48342287517555294,val_dice,0.48342287517555294,0.0,0.0,5.649327349377613e-05
train,144,0.6514284592993715,0.5847923295216743,0.6628346833980309,0.5304067931284885,val_dice,0.5304067931284885,0.0,0.0,5.61713742946327e-05
train,145,0.6562858592322532,0.5629543332671052,0.6822241910223691,0.43570989040817676,val_dice,0.43570989040817676,0.0,0.0,5.5849269997385154e-05
train,146,0.6610818420318847,0.5490389094717932,0.6732181560880733,0.5772702001235825,val_dice,0.5772702001235825,0.0,0.0,5.552695915534555e-05
train,147,0.6404348691093161,0.6019554957205743,0.665503093656504,0.48856566404606516,val_dice,0.48856566404606516,0.0,0.0,5.520444030221886e-05
train,148,0.6624891671728581,0.5241553408269783,0.6646981528907452,0.39576563647881874,val_dice,0.39576563647881874,0.0,0.0,5.4881711951708313e-05
train,149,0.6693362360939067,0.553822068365202,0.6670246703444787,0.5258403889992205,val_dice,0.5258403889992205,0.0,0.0,5.455877259710983e-05
train,150,0.660992788063719,0.5579971093244432,0.6547692274709918,0.4823464218908801,val_dice,0.4823464218908801,0.0,0.0,5.423562071089577e-05
train,151,0.6600895334431466,0.5972810734931553,0.6715005585607493,0.5612202917195007,val_dice,0.5612202917195007,0.0,0.0,5.391225474428723e-05
train,152,0.6555759608745575,0.569725895957923,0.6753561828496322,0.48204284148342086,val_dice,0.48204284148342086,0.0,0.0,5.358867312681466e-05
train,153,0.6566770443256865,0.5642620020295273,0.6797853905075001,0.5149409265064079,val_dice,0.5149409265064079,0.0,0.0,5.326487426586651e-05
train,154,0.6530424709649796,0.5333836972086091,0.6675353373559016,0.47068849288680936,val_dice,0.47068849288680936,0.0,0.0,5.2940856546225235e-05
train,155,0.6448570690256484,0.5887878781926552,0.6624396572697837,0.5873400876155238,val_dice,0.5873400876155238,0.0,0.0,5.2616618329590314e-05
train,156,0.6485122911473538,0.5975796977758464,0.6635158064792741,0.475104410235956,val_dice,0.475104410235956,0.0,0.0,5.22921579540881e-05
train,157,0.6469726521284023,0.6225772824626346,0.6758748160780601,0.555621251380582,val_dice,0.555621251380582,0.0,0.0,5.196747373376749e-05
train,158,0.6527378872353979,0.6040654022240844,0.6719842153900074,0.5777655441335824,val_dice,0.5777655441335824,0.0,0.0,5.164256395808153e-05
train,159,0.6616074985012095,0.537788165919991,0.6829124843736865,0.4360056306413836,val_dice,0.4360056306413836,0.0,0.0,5.1317426891353935e-05
train,160,0.65107639387567,0.5845136705915903,0.6733304340884371,0.5398229677811087,val_dice,0.5398229677811087,0.0,0.0,5.099206077223034e-05
train,161,0.665922553551958,0.5649915180119474,0.670350304189718,0.46678381321470164,val_dice,0.46678381321470164,0.0,0.0,5.066646381311343e-05
train,162,0.6439286647324867,0.588985586810921,0.6661576150723223,0.5075641976959558,val_dice,0.5075641976959558,0.0,0.0,5.034063419958176e-05
train,163,0.6453855844254189,0.5893351678125643,0.6653262284004463,0.39674819157775226,val_dice,0.39674819157775226,0.0,0.0,5.001457008979112e-05
train,164,0.6505883882020382,0.6080214379311539,0.660793552421174,0.45657243857495117,val_dice,0.45657243857495117,0.0,0.0,4.968826961385845e-05
train,165,0.6506308625987236,0.6085938676612561,0.6637916784241514,0.47500603354148335,val_dice,0.47500603354148335,0.0,0.0,4.936173087322699e-05
train,166,0.6552572764614795,0.5675493012580546,0.664145586625585,0.5488146748448857,val_dice,0.5488146748448857,0.0,0.0,4.903495194001245e-05
train,167,0.6359135218123172,0.5917343741386469,0.6707992444060883,0.5044041095231011,val_dice,0.5044041095231011,0.0,0.0,4.8707930856329395e-05
train,168,0.6435556147960906,0.5434630759389537,0.6717861758650474,0.5024764616195707,val_dice,0.5024764616195707,0.0,0.0,4.8380665633596725e-05
train,169,0.6530340870644183,0.616180227162792,0.6644113204389248,0.5087333677487053,val_dice,0.5087333677487053,0.0,0.0,4.805315425182211e-05
train,170,0.6552867359303414,0.5739791461640426,0.6626681154066661,0.549412471490719,val_dice,0.549412471490719,0.0,0.0,4.772539465886384e-05
train,171,0.6445616991596019,0.6315853268683653,0.6694503744255822,0.4309920628993634,val_dice,0.4309920628993634,0.0,0.0,4.739738476966981e-05
train,172,0.6415239783043557,0.5998742225867556,0.6726368038721804,0.5771089963270246,val_dice,0.5771089963270246,0.0,0.0,4.7069122465492336e-05
train,173,0.6496507306682303,0.5241820620829244,0.6778171427969663,0.5159938633877008,val_dice,0.5159938633877008,0.0,0.0,4.674060559307818e-05
train,174,0.6472732153344661,0.5882400623550574,0.6726378742254006,0.48250597750734,val_dice,0.48250597750734,0.0,0.0,4.641183196383237e-05
train,175,0.6568383482542444,0.5420629762640556,0.6673017532195685,0.43224107570594256,val_dice,0.43224107570594256,0.0,0.0,4.6082799352955244e-05
train,176,0.650844731292826,0.5798506561559099,0.6738651788459634,0.46310843283554926,val_dice,0.46310843283554926,0.0,0.0,4.5753505498551296e-05
train,177,0.646354508590191,0.6082406269961943,0.6616670168795675,0.5127351184998599,val_dice,0.5127351184998599,0.0,0.0,4.542394810070877e-05
train,178,0.66253838818124,0.5771235125346812,0.6669680613954112,0.5254239002315164,val_dice,0.5254239002315164,0.0,0.0,4.509412482054886e-05
train,179,0.658851721185319,0.6142731448499302,0.6630177301055981,0.5292405346277166,val_dice,0.5292405346277166,0.0,0.0,4.476403327924313e-05
train,180,0.6277740880529932,0.5922213751859309,0.675571840607895,0.5373167617108185,val_dice,0.5373167617108185,0.0,0.0,4.443367105699802e-05
train,181,0.637347917924536,0.6237502196991459,0.6844936966333749,0.5278736276983371,val_dice,0.5278736276983371,0.0,0.0,4.410303569200473e-05
train,182,0.648606446512202,0.5358526569849882,0.671716146030516,0.4474135391055956,val_dice,0.4474135391055956,0.0,0.0,4.3772124679353444e-05
train,183,0.6410245378600791,0.5407534503252437,0.6556685727159932,0.5019833088050959,val_dice,0.5019833088050959,0.0,0.0,4.34409354699099e-05
train,184,0.6516255229077441,0.5965871252336459,0.6734498514319366,0.5574463193226287,val_dice,0.5574463193226287,0.0,0.0,4.310946546915314e-05
train,185,0.6286834749769658,0.6286230645139778,0.6597965725187985,0.5889473062163748,val_dice,0.5889473062163748,0.0,0.0,4.277771203597223e-05
train,186,0.6456337915456042,0.5891766056255936,0.6594944579421349,0.5521216355993103,val_dice,0.5521216355993103,0.0,0.0,4.244567248142075e-05
train,187,0.6338130661147706,0.6206442818531205,0.6517148512714314,0.5602216181267862,val_dice,0.5602216181267862,0.0,0.0,4.211334406742656e-05
train,188,0.64900322372609,0.6306185063080548,0.6585911141251618,0.6460892977015416,val_dice,0.6460892977015416,0.0,0.0,4.1780724005455363e-05
train,189,0.6586688032809724,0.591983777574336,0.6793601001208683,0.6069619775159809,val_dice,0.6069619775159809,0.0,0.0,4.14478094551256e-05
train,190,0.6372019281412693,0.5770902601363839,0.6499052938987624,0.5236321991975199,val_dice,0.5236321991975199,0.0,0.0,4.111459752277271e-05
train,191,0.6470542746021393,0.6618747852267645,0.660513385849179,0.5888513500635009,val_dice,0.5888513500635009,0.0,0.0,4.078108525996031e-05
train,192,0.5952205779704641,0.7131452426452244,0.5618838209588572,0.609721065757386,val_dice,0.609721065757386,0.0,0.0,4.0447269661935774e-05
train,193,0.360121462922147,0.7313488468261621,0.4807813625853017,0.5847662799680464,val_dice,0.5847662799680464,0.0,0.0,4.01131476660279e-05
train,194,0.3085865355869557,0.7453814318242911,0.44863292771690294,0.6129396169064231,val_dice,0.6129396169064231,0.0,0.0,3.977871614998336e-05
train,195,0.3010723300753756,0.7378875483193523,0.4560714566482688,0.5956899861472846,val_dice,0.5956899861472846,0.0,0.0,3.944397193023981e-05
train,196,0.2872662484645844,0.740801554665739,0.48550521202807156,0.5963193314579903,val_dice,0.5963193314579903,0.0,0.0,3.910891176013176e-05
train,197,0.2698253185349576,0.7568264606023779,0.41336435023343787,0.6199021080968696,val_dice,0.6199021080968696,0.0,0.0,3.877353232802665e-05
train,198,0.2604017485012399,0.7654943420557835,0.4251763249905604,0.6062751605001743,val_dice,0.6062751605001743,0.0,0.0,3.843783025538722e-05
train,199,0.2824991394864752,0.7439361719997705,0.3978265161221882,0.6236982732239666,val_dice,0.6236982732239666,0.0,0.0,3.810180209475681e-05
train,200,0.27100933885320705,0.760917789339365,0.38066466658745174,0.6289704320039512,val_dice,0.6289704320039512,0.0,0.0,3.776544432766359e-05
train,201,0.27274986851088545,0.750635867932245,0.3763993478046273,0.6719732412258049,val_dice,0.6719732412258049,0.0,0.0,3.7428753362439626e-05
train,202,0.2777337075230923,0.7536732133433104,0.3822522573875931,0.6463167225740976,val_dice,0.6463167225740976,0.0,0.0,3.7091725531950614e-05
train,203,0.26438165154862914,0.7658138761346055,0.3694323880492516,0.6395929099472125,val_dice,0.6395929099472125,0.0,0.0,3.6754357091231314e-05
train,204,0.28202771335206134,0.7502441573501946,0.365132711687178,0.6580212089308134,val_dice,0.6580212089308134,0.0,0.0,3.641664421502226e-05
train,205,0.2708070031981519,0.7605162537318918,0.34920903168759254,0.677934191643391,val_dice,0.677934191643391,0.0,0.0,3.607858299520207e-05
train,206,0.27041783516711376,0.7602235821119416,0.3580688941028883,0.6475763085957151,val_dice,0.6475763085957151,0.0,0.0,3.574016943811017e-05
train,207,0.2415726343526485,0.7765576070541126,0.3916152833767657,0.6548770828387949,val_dice,0.6548770828387949,0.0,0.0,3.540139946175378e-05
train,208,0.3351057157871571,0.6884234518763184,0.37378117582708037,0.6530869891781349,val_dice,0.6530869891781349,0.0,0.0,3.5062268892893165e-05
train,209,0.2827730878236446,0.7474345397264376,0.34123813993525953,0.66665371386047,val_dice,0.66665371386047,0.0,0.0,3.47227734639981e-05
train,210,0.2668440755852993,0.7551475111596255,0.3897497760799696,0.6326946953337184,val_dice,0.6326946953337184,0.0,0.0,3.4382908810068844e-05
train,211,0.24145902677419337,0.7817183844289516,0.3186314232506842,0.6883063823263131,val_dice,0.6883063823263131,0.0,0.0,3.4042670465313555e-05
train,212,0.246821001980533,0.7826352704348928,0.3615259137356056,0.6629849211199893,val_dice,0.6629849211199893,0.0,0.0,3.370205385967441e-05
train,213,0.22319376560601784,0.7891105073482876,0.3710788187553298,0.6346738441701865,val_dice,0.6346738441701865,0.0,0.0,3.336105431519355e-05
train,214,0.2582552177950423,0.7663271327717893,0.37511549046579395,0.6309734400880285,val_dice,0.6309734400880285,0.0,0.0,3.3019667042209544e-05
train,215,0.2651274451391494,0.7528792685199442,0.36033125784037245,0.6645291852186348,val_dice,0.6645291852186348,0.0,0.0,3.267788713537456e-05
train,216,0.24518405248193031,0.7693603224131886,0.3543373557194224,0.6524062837497503,val_dice,0.6524062837497503,0.0,0.0,3.2335709569481434e-05
train,217,0.2365012418875035,0.7862255971637934,0.3543784306296762,0.668576199510595,val_dice,0.668576199510595,0.0,0.0,3.1993129195089445e-05
train,218,0.2518821452684859,0.767957066800171,0.35592522092585294,0.6503012189206766,val_dice,0.6503012189206766,0.0,0.0,3.165014073393627e-05
train,219,0.26368205341252876,0.7663076505572234,0.4093963436360629,0.6513317508974951,val_dice,0.6513317508974951,0.0,0.0,3.1306738774123326e-05
train,220,0.23628465850302513,0.7851923380739412,0.3639181897325336,0.6410767206662379,val_dice,0.6410767206662379,0.0,0.0,3.096291776506001e-05
train,221,0.23156817704439164,0.7889958218711003,0.34656389535598037,0.6583165591906966,val_dice,0.6583165591906966,0.0,0.0,3.061867201215202e-05
train,222,0.23862758735392955,0.780219837470593,0.31137523645499965,0.694201490638381,val_dice,0.694201490638381,0.0,0.0,3.0273995671217122e-05
train,223,0.2388911817302095,0.7766244732865126,0.34333778299250695,0.6790081959249008,val_dice,0.6790081959249008,0.0,0.0,2.9928882742610896e-05
train,224,0.2737065284334599,0.7518545657611292,0.35304735769640727,0.6686906584016646,val_dice,0.6686906584016646,0.0,0.0,2.9583327065043598e-05
train,225,0.23338128445630377,0.7785723226591984,0.33825066713791974,0.6957743996099958,val_dice,0.6957743996099958,0.0,0.0,2.9237322309067315e-05
train,226,0.2243644416332245,0.7927538335516864,0.33964760348481954,0.6935254898376785,val_dice,0.6935254898376785,0.0,0.0,2.889086197021171e-05
train,227,0.25969698787369627,0.7635289241965721,0.3401384910322585,0.6656115403908222,val_dice,0.6656115403908222,0.0,0.0,2.8543939361744027e-05
train,228,0.24139870658833928,0.7711542485807344,0.35726850831283713,0.6489605504951443,val_dice,0.6489605504951443,0.0,0.0,2.8196547607027814e-05
train,229,0.2325000005041031,0.7818293011572436,0.3498688109640805,0.6620946052860011,val_dice,0.6620946052860011,0.0,0.0,2.7848679631451924e-05
train,230,0.22923859475140876,0.788457090946419,0.33891787056653006,0.6864704136319432,val_dice,0.6864704136319432,0.0,0.0,2.7500328153899752e-05
train,231,0.22658419666138102,0.7853895634592479,0.3607563190865067,0.6454976523771284,val_dice,0.6454976523771284,0.0,0.0,2.715148567772519e-05
train,232,0.21902175640806237,0.8003782061104631,0.3402007427418007,0.6634619953764348,val_dice,0.6634619953764348,0.0,0.0,2.6802144481199786e-05
train,233,0.20747775944306496,0.8035275488502409,0.354350838177609,0.6657622680338532,val_dice,0.6657622680338532,0.0,0.0,2.6452296607391565e-05
train,234,0.2053009178410185,0.8094071748985188,0.32922800166426963,0.6750147944012298,val_dice,0.6750147944012298,0.0,0.0,2.6101933853433245e-05
train,235,0.23233472956938947,0.789654127137963,0.3726425730394867,0.6533389746243459,val_dice,0.6533389746243459,0.0,0.0,2.575104775913299e-05
train,236,0.23669639992270064,0.7799032100656651,0.36786118852642347,0.6353721416040714,val_dice,0.6353721416040714,0.0,0.0,2.5399629594876978e-05
train,237,0.23243954546274023,0.7831725911088488,0.3665377154665173,0.6383108879185588,val_dice,0.6383108879185588,0.0,0.0,2.5047670348768315e-05
train,238,0.21464509423425857,0.8020751287950771,0.3649757782805641,0.67652933912175,val_dice,0.67652933912175,0.0,0.0,2.4695160712941043e-05
train,239,0.22748197434430426,0.7890320538480736,0.38240129936416195,0.622493319580217,val_dice,0.622493319580217,0.0,0.0,2.434209106898276e-05
train,240,0.22122796708916095,0.7945694876904493,0.37257869007452477,0.6320398695862091,val_dice,0.6320398695862091,0.0,0.0,2.3988451472392137e-05
train,241,0.2144669270895897,0.7973994901943544,0.35047271791494117,0.6536386049451585,val_dice,0.6536386049451585,0.0,0.0,2.3634231635990822e-05
train,242,0.2271602025532976,0.8013459550767021,0.3525576540883982,0.6531929931101411,val_dice,0.6531929931101411,0.0,0.0,2.3279420912200502e-05
train,243,0.20022230187946177,0.8115182058137106,0.34489637697642705,0.6612859320393016,val_dice,0.6612859320393016,0.0,0.0,2.2924008274087215e-05
train,244,0.2155671053268808,0.7981138618939181,0.3237201664245354,0.6815552841556014,val_dice,0.6815552841556014,0.0,0.0,2.2567982295064017e-05
train,245,0.221018899596752,0.7973654191878741,0.3587579555668921,0.6455379583449836,val_dice,0.6455379583449836,0.0,0.0,2.2211331127132232e-05
train,246,0.21885442851071663,0.7930716162589431,0.3473459667754623,0.6612701195034418,val_dice,0.6612701195034418,0.0,0.0,2.185404247752772e-05
train,247,0.2210479904362496,0.7908523641854875,0.3525992727504586,0.6551226753343871,val_dice,0.6551226753343871,0.0,0.0,2.1496103583624167e-05
train,248,0.2291892189294734,0.7889191876006287,0.3743620627331284,0.6387724480739244,val_dice,0.6387724480739244,0.0,0.0,2.1137501185928738e-05
train,249,0.22691404286851274,0.7912145008086228,0.36724377072082376,0.6572736440914992,val_dice,0.6572736440914992,0.0,0.0,2.0778221498986006e-05
train,250,0.23783008976185577,0.7820887354031897,0.34715003421846424,0.6587546325465078,val_dice,0.6587546325465078,0.0,0.0,2.0418250179985056e-05
train,251,0.2294119879127817,0.7832480607115703,0.3570081633779238,0.6674714477209436,val_dice,0.6674714477209436,0.0,0.0,2.0057572294839425e-05
train,252,0.2364749715049216,0.7827756064982516,0.3599273076034942,0.6624337522246408,val_dice,0.6624337522246408,0.0,0.0,1.9696172281482177e-05
train,253,0.21552926190990082,0.7926373551487347,0.35051548987064723,0.6549752880359517,val_dice,0.6549752880359517,0.0,0.0,1.9334033910085374e-05
train,254,0.22640624238138504,0.7841855958729874,0.3638759280713099,0.6512824288787874,val_dice,0.6512824288787874,0.0,0.0,1.897114023987716e-05
train,255,0.2357991928749896,0.7777154573951177,0.3397497501013414,0.6681556424492907,val_dice,0.6681556424492907,0.0,0.0,1.8607473572186284e-05
train,256,0.20692522395798502,0.808222688447813,0.3556703244740108,0.6504732860056598,val_dice,0.6504732860056598,0.0,0.0,1.824301539929555e-05
train,257,0.2056440954829784,0.8025598138424425,0.36276988628900275,0.6423489289218395,val_dice,0.6423489289218395,0.0,0.0,1.787774634862817e-05
train,258,0.19406407305851897,0.8145071574138251,0.38846645996255696,0.6159071989900919,val_dice,0.6159071989900919,0.0,0.0,1.7511646121725285e-05
train,259,0.1958580752160955,0.8122974462602527,0.364472248644199,0.6399614200988927,val_dice,0.6399614200988927,0.0,0.0,1.714469342739599e-05
train,260,0.21528529076183095,0.7965192803886005,0.3646213302634797,0.6405047657478724,val_dice,0.6405047657478724,0.0,0.0,1.677686590833068e-05
train,261,0.19392497358804053,0.8139933701726323,0.3472358303250007,0.6578304216843897,val_dice,0.6578304216843897,0.0,0.0,1.6408140060363636e-05
train,262,0.2146960051611383,0.7987665920393249,0.3428691875822139,0.6617243932509288,val_dice,0.6617243932509288,0.0,0.0,1.6038491143445393e-05
train,263,0.2017870343746023,0.8150948966219344,0.36273764073848724,0.6603941184610355,val_dice,0.6603941184610355,0.0,0.0,1.5667893083239348e-05
train,264,0.20540970695462632,0.809224851249811,0.35137539371004645,0.6697970292465971,val_dice,0.6697970292465971,0.0,0.0,1.529631836208119e-05
train,265,0.1998725932487782,0.8107969464420608,0.3682824454779895,0.6551739743196743,val_dice,0.6551739743196743,0.0,0.0,1.492373789783259e-05
train,266,0.21285650945724324,0.799716002622875,0.3415994242114841,0.6634768786553179,val_dice,0.6634768786553179,0.0,0.0,1.455012090891005e-05
train,267,0.20482762164257942,0.8029307832153146,0.32938818689787164,0.6748728694373514,val_dice,0.6748728694373514,0.0,0.0,1.4175434763470544e-05
train,268,0.21626309335548827,0.7960016981362555,0.31885759335643843,0.6859591249688565,val_dice,0.6859591249688565,0.0,0.0,1.3799644810371709e-05
train,269,0.20878469311493508,0.8015870605181276,0.341486856622516,0.6612032758859655,val_dice,0.6612032758859655,0.0,0.0,1.3422714189083523e-05
train,270,0.20271627451194094,0.8044498943671078,0.3809782969501783,0.6775726435338961,val_dice,0.6775726435338961,0.0,0.0,1.3044603615188717e-05
train,271,0.20053844092057108,0.8067203756614001,0.3566499692651461,0.6488380227890944,val_dice,0.6488380227890944,0.0,0.0,1.2665271137445337e-05
train,272,0.1944214326904175,0.8141550505919505,0.3306268253978693,0.6760494600968253,val_dice,0.6760494600968253,0.0,0.0,1.2284671861564545e-05
train,273,0.21801014805727817,0.7987145608373215,0.34462605979082717,0.6791478914321813,val_dice,0.6791478914321813,0.0,0.0,1.190275763483333e-05
train,274,0.1977942627002584,0.8137149533474409,0.3434458726419593,0.6810438795221734,val_dice,0.6810438795221734,0.0,0.0,1.1519476684429852e-05
train,275,0.20442114838577333,0.8022912756719889,0.308445652981974,0.6955619711992443,val_dice,0.6955619711992443,0.0,0.0,1.113477320065714e-05
train,276,0.22788221761584282,0.783564624877907,0.3113413380002076,0.6933530281538809,val_dice,0.6933530281538809,0.0,0.0,1.0748586854256044e-05
train,277,0.22306088654601827,0.7895476997907179,0.3099223066051051,0.6948726994002777,val_dice,0.6948726994002777,0.0,0.0,1.0360852234303155e-05
train,278,0.18548870831727982,0.8274402780814115,0.32171112270850055,0.6826072520122918,val_dice,0.6826072520122918,0.0,0.0,9.971498189757338e-06
train,279,0.2094072497905569,0.7977163312250046,0.3159885915382853,0.6896177390222236,val_dice,0.6896177390222236,0.0,0.0,9.580447053207392e-06
train,280,0.1929503637108397,0.8142586302822188,0.32399010152186986,0.6987046910660145,val_dice,0.6987046910660145,0.0,0.0,9.187613719401706e-06
train,281,0.2140834741135861,0.7996047826067013,0.32691326146980504,0.6777599225717624,val_dice,0.6777599225717624,0.0,0.0,8.792904543138198e-06
train,282,0.19777521586164515,0.8134889393464808,0.32351612932277174,0.6805154014079546,val_dice,0.6805154014079546,0.0,0.0,8.396216010235932e-06
train,283,0.20529378154810438,0.8016333435503049,0.3218015325519274,0.6827680081657606,val_dice,0.6827680081657606,0.0,0.0,7.997433120372068e-06
train,284,0.18047946864303122,0.8250222386066018,0.3243673989232981,0.6805007262746594,val_dice,0.6805007262746594,0.0,0.0,7.596427399701081e-06
train,285,0.22463233331416516,0.7920335257474882,0.3292347268675858,0.6764408103063744,val_dice,0.6764408103063744,0.0,0.0,7.1930544315345474e-06
train,286,0.185786994927107,0.821834541678504,0.3302177840246345,0.6743448539953215,val_dice,0.6743448539953215,0.0,0.0,6.7871507504703805e-06
train,287,0.1821284238328325,0.8258219604867372,0.33021307441423525,0.6751224968983653,val_dice,0.6751224968983653,0.0,0.0,6.378529882007815e-06
train,288,0.1947513276592214,0.8137534645008546,0.3277544674445998,0.6776295458190036,val_dice,0.6776295458190036,0.0,0.0,5.966977213912313e-06
train,289,0.19187434970381412,0.8174111886239374,0.32656768357978677,0.6785935633130127,val_dice,0.6785935633130127,0.0,0.0,5.552243236992998e-06
train,290,0.19324989918064564,0.8127343865807558,0.3275824743059446,0.6775137666942552,val_dice,0.6775137666942552,0.0,0.0,5.1340344554308565e-06
train,291,0.19866130164963133,0.8085998146430173,0.3259436535947728,0.6790113003105199,val_dice,0.6790113003105199,0.0,0.0,4.712000873975157e-06
train,292,0.17825211134362728,0.8274831469126658,0.3319621406636148,0.6725318682635141,val_dice,0.6725318682635141,0.0,0.0,4.285718293411802e-06
train,293,0.18793673172910164,0.82104392507899,0.3260873266548481,0.6915150744896973,val_dice,0.6915150744896973,0.0,0.0,3.854662427148897e-06
train,294,0.2029263734341936,0.8062100329462761,0.3302879552796202,0.6841250631920677,val_dice,0.6841250631920677,0.0,0.0,3.4181695287653643e-06
train,295,0.19577908379600403,0.8130634811164601,0.32853013979938794,0.6855577105290485,val_dice,0.6855577105290485,0.0,0.0,2.9753734794778434e-06
train,296,0.20179893796114212,0.8055756038880559,0.3168705704639543,0.6887849911434182,val_dice,0.6887849911434182,0.0,0.0,2.5250987460872047e-06
train,297,0.19595332703691848,0.8161360827509757,0.3200745000591818,0.684024944182423,val_dice,0.684024944182423,0.0,0.0,2.065662448226963e-06
train,298,0.19788463694301056,0.8114236760686532,0.3231458939471335,0.6821711444959331,val_dice,0.6821711444959331,0.0,0.0,1.5944631682193213e-06
train,299,0.19968036104072917,0.8093676727504708,0.32770796935513336,0.684710668729673,val_dice,0.684710668729673,0.0,0.0,1.1069610972837043e-06
train,300,0.18419867494004838,0.8248291726312128,0.32861353681897215,0.6885188126075501,val_dice,0.6885188126075501,0.0,0.0,5.932057640643739e-07
