scan_id,has_t1,has_lesion,has_dmri,has_bvec,has_bval,t1_path,lesion_path,t1_shape,t1_error,lesion_shape,lesion_voxels,lesion_unique,lesion_error,matched,shape_match,lesion_positive,lesion_empty,has_any_error,pairing_status
0016,True,True,True,True,True,/data/data/DA25S005/miccai_tbi/MultiTalentV2_finetuning/MICCAI_AIMS_TBI/scan_0016_T1.nii.gz,/data/data/DA25S005/miccai_tbi/MultiTalentV2_finetuning/MICCAI_AIMS_TBI/scan_0016_Lesion.nii.gz,"(256, 256, 256)",,"(256, 256, 256)",0.0,[0.0],,True,True,False,True,False,matched_empty
0033,True,True,True,True,True,/data/data/DA25S005/miccai_tbi/MultiTalentV2_finetuning/MICCAI_AIMS_TBI/scan_0033_T1.nii.gz,/data/data/DA25S005/miccai_tbi/MultiTalentV2_finetuning/MICCAI_AIMS_TBI/scan_0033_Lesion.nii.gz,"(256, 256, 256)",,"(256, 256, 256)",0.0,[0.0],,True,True,False,True,False,matched_empty
0040,True,True,False,False,False,/data/data/DA25S005/miccai_tbi/MultiTalentV2_finetuning/MICCAI_AIMS_TBI/scan_0040_T1.nii.gz,/data/data/DA25S005/miccai_tbi/MultiTalentV2_finetuning/MICCAI_AIMS_TBI/scan_0040_Lesion.nii.gz,"(256, 256, 256)",,"(256, 256, 256)",0.0,[0.0],,True,True,False,True,False,matched_empty
0050,True,True,False,False,False,/data/data/DA25S005/miccai_tbi/MultiTalentV2_finetuning/MICCAI_AIMS_TBI/scan_0050_T1.nii.gz,/data/data/DA25S005/miccai_tbi/MultiTalentV2_finetuning/MICCAI_AIMS_TBI/scan_0050_Lesion.nii.gz,"(256, 256, 256)",,"(256, 256, 256)",0.0,[0.0],,True,True,False,True,False,matched_empty
0059,True,True,False,False,False,/data/data/DA25S005/miccai_tbi/MultiTalentV2_finetuning/MICCAI_AIMS_TBI/scan_0059_T1.nii.gz,/data/data/DA25S005/miccai_tbi/MultiTalentV2_finetuning/MICCAI_AIMS_TBI/scan_0059_Lesion.nii.gz,"(256, 256, 256)",,"(256, 256, 256)",0.0,[0.0],,True,True,False,True,False,matched_empty
0077,True,True,True,True,True,/data/data/DA25S005/miccai_tbi/MultiTalentV2_finetuning/MICCAI_AIMS_TBI/scan_0077_T1.nii.gz,/data/data/DA25S005/miccai_tbi/MultiTalentV2_finetuning/MICCAI_AIMS_TBI/scan_0077_Lesion.nii.gz,"(256, 256, 256)",,"(256, 256, 256)",0.0,[0.0],,True,True,False,True,False,matched_empty
0089,True,True,False,False,False,/data/data/DA25S005/miccai_tbi/MultiTalentV2_finetuning/MICCAI_AIMS_TBI/scan_0089_T1.nii.gz,/data/data/DA25S005/miccai_tbi/MultiTalentV2_finetuning/MICCAI_AIMS_TBI/scan_0089_Lesion.nii.gz,"(256, 256, 256)",,"(256, 256, 256)",0.0,[0.0],,True,True,False,True,False,matched_empty
0096,True,True,False,False,False,/data/data/DA25S005/miccai_tbi/MultiTalentV2_finetuning/MICCAI_AIMS_TBI/scan_0096_T1.nii.gz,/data/data/DA25S005/miccai_tbi/MultiTalentV2_finetuning/MICCAI_AIMS_TBI/scan_0096_Lesion.nii.gz,"(256, 256, 256)",,"(256, 256, 256)",0.0,[0.0],,True,True,False,True,False,matched_empty
0099,True,True,False,False,False,/data/data/DA25S005/miccai_tbi/MultiTalentV2_finetuning/MICCAI_AIMS_TBI/scan_0099_T1.nii.gz,/data/data/DA25S005/miccai_tbi/MultiTalentV2_finetuning/MICCAI_AIMS_TBI/scan_0099_Lesion.nii.gz,"(256, 256, 256)",,"(256, 256, 256)",0.0,[0.0],,True,True,False,True,False,matched_empty
0105,True,True,False,False,False,/data/data/DA25S005/miccai_tbi/MultiTalentV2_finetuning/MICCAI_AIMS_TBI/scan_0105_T1.nii.gz,/data/data/DA25S005/miccai_tbi/MultiTalentV2_finetuning/MICCAI_AIMS_TBI/scan_0105_Lesion.nii.gz,"(256, 256, 256)",,"(256, 256, 256)",0.0,[0.0],,True,True,False,True,False,matched_empty
0106,True,True,True,True,True,/data/data/DA25S005/miccai_tbi/MultiTalentV2_finetuning/MICCAI_AIMS_TBI/scan_0106_T1.nii.gz,/data/data/DA25S005/miccai_tbi/MultiTalentV2_finetuning/MICCAI_AIMS_TBI/scan_0106_Lesion.nii.gz,"(256, 256, 256)",,"(256, 256, 256)",0.0,[0.0],,True,True,False,True,False,matched_empty
0110,True,True,False,False,False,/data/data/DA25S005/miccai_tbi/MultiTalentV2_finetuning/MICCAI_AIMS_TBI/scan_0110_T1.nii.gz,/data/data/DA25S005/miccai_tbi/MultiTalentV2_finetuning/MICCAI_AIMS_TBI/scan_0110_Lesion.nii.gz,"(256, 256, 256)",,"(256, 256, 256)",0.0,[0.0],,True,True,False,True,False,matched_empty
0118,True,True,False,False,False,/data/data/DA25S005/miccai_tbi/MultiTalentV2_finetuning/MICCAI_AIMS_TBI/scan_0118_T1.nii.gz,/data/data/DA25S005/miccai_tbi/MultiTalentV2_finetuning/MICCAI_AIMS_TBI/scan_0118_Lesion.nii.gz,"(256, 256, 256)",,"(256, 256, 256)",0.0,[0.0],,True,True,False,True,False,matched_empty
0120,True,True,True,True,True,/data/data/DA25S005/miccai_tbi/MultiTalentV2_finetuning/MICCAI_AIMS_TBI/scan_0120_T1.nii.gz,/data/data/DA25S005/miccai_tbi/MultiTalentV2_finetuning/MICCAI_AIMS_TBI/scan_0120_Lesion.nii.gz,"(256, 256, 256)",,"(256, 256, 256)",0.0,[0.0],,True,True,False,True,False,matched_empty
0122,True,True,False,False,False,/data/data/DA25S005/miccai_tbi/MultiTalentV2_finetuning/MICCAI_AIMS_TBI/scan_0122_T1.nii.gz,/data/data/DA25S005/miccai_tbi/MultiTalentV2_finetuning/MICCAI_AIMS_TBI/scan_0122_Lesion.nii.gz,"(256, 256, 256)",,"(256, 256, 256)",0.0,[0.0],,True,True,False,True,False,matched_empty
0131,True,True,False,False,False,/data/data/DA25S005/miccai_tbi/MultiTalentV2_finetuning/MICCAI_AIMS_TBI/scan_0131_T1.nii.gz,/data/data/DA25S005/miccai_tbi/MultiTalentV2_finetuning/MICCAI_AIMS_TBI/scan_0131_Lesion.nii.gz,"(256, 256, 256)",,"(256, 256, 256)",0.0,[0.0],,True,True,False,True,False,matched_empty
0139,True,True,False,False,False,/data/data/DA25S005/miccai_tbi/MultiTalentV2_finetuning/MICCAI_AIMS_TBI/scan_0139_T1.nii.gz,/data/data/DA25S005/miccai_tbi/MultiTalentV2_finetuning/MICCAI_AIMS_TBI/scan_0139_Lesion.nii.gz,"(256, 256, 256)",,"(256, 256, 256)",0.0,[0.0],,True,True,False,True,False,matched_empty
0140,True,True,True,True,True,/data/data/DA25S005/miccai_tbi/MultiTalentV2_finetuning/MICCAI_AIMS_TBI/scan_0140_T1.nii.gz,/data/data/DA25S005/miccai_tbi/MultiTalentV2_finetuning/MICCAI_AIMS_TBI/scan_0140_Lesion.nii.gz,"(256, 256, 256)",,"(256, 256, 256)",0.0,[0.0],,True,True,False,True,False,matched_empty
0141,True,True,True,True,True,/data/data/DA25S005/miccai_tbi/MultiTalentV2_finetuning/MICCAI_AIMS_TBI/scan_0141_T1.nii.gz,/data/data/DA25S005/miccai_tbi/MultiTalentV2_finetuning/MICCAI_AIMS_TBI/scan_0141_Lesion.nii.gz,"(256, 256, 256)",,"(256, 256, 256)",0.0,[0.0],,True,True,False,True,False,matched_empty
0142,True,True,False,False,False,/data/data/DA25S005/miccai_tbi/MultiTalentV2_finetuning/MICCAI_AIMS_TBI/scan_0142_T1.nii.gz,/data/data/DA25S005/miccai_tbi/MultiTalentV2_finetuning/MICCAI_AIMS_TBI/scan_0142_Lesion.nii.gz,"(256, 256, 256)",,"(256, 256, 256)",0.0,[0.0],,True,True,False,True,False,matched_empty
0147,True,True,True,True,True,/data/data/DA25S005/miccai_tbi/MultiTalentV2_finetuning/MICCAI_AIMS_TBI/scan_0147_T1.nii.gz,/data/data/DA25S005/miccai_tbi/MultiTalentV2_finetuning/MICCAI_AIMS_TBI/scan_0147_Lesion.nii.gz,"(256, 256, 176)",,"(256, 256, 176)",0.0,[0.0],,True,True,False,True,False,matched_empty
0148,True,True,False,False,False,/data/data/DA25S005/miccai_tbi/MultiTalentV2_finetuning/MICCAI_AIMS_TBI/scan_0148_T1.nii.gz,/data/data/DA25S005/miccai_tbi/MultiTalentV2_finetuning/MICCAI_AIMS_TBI/scan_0148_Lesion.nii.gz,"(256, 256, 256)",,"(256, 256, 256)",0.0,[0.0],,True,True,False,True,False,matched_empty
0149,True,True,False,False,False,/data/data/DA25S005/miccai_tbi/MultiTalentV2_finetuning/MICCAI_AIMS_TBI/scan_0149_T1.nii.gz,/data/data/DA25S005/miccai_tbi/MultiTalentV2_finetuning/MICCAI_AIMS_TBI/scan_0149_Lesion.nii.gz,"(256, 256, 256)",,"(256, 256, 256)",0.0,[0.0],,True,True,False,True,False,matched_empty
0153,True,True,False,False,False,/data/data/DA25S005/miccai_tbi/MultiTalentV2_finetuning/MICCAI_AIMS_TBI/scan_0153_T1.nii.gz,/data/data/DA25S005/miccai_tbi/MultiTalentV2_finetuning/MICCAI_AIMS_TBI/scan_0153_Lesion.nii.gz,"(256, 256, 256)",,"(256, 256, 256)",0.0,[0.0],,True,True,False,True,False,matched_empty
0158,True,True,True,True,True,/data/data/DA25S005/miccai_tbi/MultiTalentV2_finetuning/MICCAI_AIMS_TBI/scan_0158_T1.nii.gz,/data/data/DA25S005/miccai_tbi/MultiTalentV2_finetuning/MICCAI_AIMS_TBI/scan_0158_Lesion.nii.gz,"(256, 200, 256)",,"(256, 200, 256)",0.0,[0.0],,True,True,False,True,False,matched_empty
0164,True,True,True,True,True,/data/data/DA25S005/miccai_tbi/MultiTalentV2_finetuning/MICCAI_AIMS_TBI/scan_0164_T1.nii.gz,/data/data/DA25S005/miccai_tbi/MultiTalentV2_finetuning/MICCAI_AIMS_TBI/scan_0164_Lesion.nii.gz,"(256, 256, 256)",,"(256, 256, 256)",0.0,[0.0],,True,True,False,True,False,matched_empty
0171,True,True,True,True,True,/data/data/DA25S005/miccai_tbi/MultiTalentV2_finetuning/MICCAI_AIMS_TBI/scan_0171_T1.nii.gz,/data/data/DA25S005/miccai_tbi/MultiTalentV2_finetuning/MICCAI_AIMS_TBI/scan_0171_Lesion.nii.gz,"(256, 256, 256)",,"(256, 256, 256)",0.0,[0.0],,True,True,False,True,False,matched_empty
0181,True,True,False,False,False,/data/data/DA25S005/miccai_tbi/MultiTalentV2_finetuning/MICCAI_AIMS_TBI/scan_0181_T1.nii.gz,/data/data/DA25S005/miccai_tbi/MultiTalentV2_finetuning/MICCAI_AIMS_TBI/scan_0181_Lesion.nii.gz,"(256, 256, 256)",,"(256, 256, 256)",0.0,[0.0],,True,True,False,True,False,matched_empty
0189,True,True,False,False,False,/data/data/DA25S005/miccai_tbi/MultiTalentV2_finetuning/MICCAI_AIMS_TBI/scan_0189_T1.nii.gz,/data/data/DA25S005/miccai_tbi/MultiTalentV2_finetuning/MICCAI_AIMS_TBI/scan_0189_Lesion.nii.gz,"(256, 256, 256)",,"(256, 256, 256)",0.0,[0.0],,True,True,False,True,False,matched_empty
0193,True,True,False,False,False,/data/data/DA25S005/miccai_tbi/MultiTalentV2_finetuning/MICCAI_AIMS_TBI/scan_0193_T1.nii.gz,/data/data/DA25S005/miccai_tbi/MultiTalentV2_finetuning/MICCAI_AIMS_TBI/scan_0193_Lesion.nii.gz,"(256, 256, 256)",,"(256, 256, 256)",0.0,[0.0],,True,True,False,True,False,matched_empty
0203,True,True,True,True,True,/data/data/DA25S005/miccai_tbi/MultiTalentV2_finetuning/MICCAI_AIMS_TBI/scan_0203_T1.nii.gz,/data/data/DA25S005/miccai_tbi/MultiTalentV2_finetuning/MICCAI_AIMS_TBI/scan_0203_Lesion.nii.gz,"(256, 256, 256)",,"(256, 256, 256)",0.0,[0.0],,True,True,False,True,False,matched_empty
0206,True,True,True,True,True,/data/data/DA25S005/miccai_tbi/MultiTalentV2_finetuning/MICCAI_AIMS_TBI/scan_0206_T1.nii.gz,/data/data/DA25S005/miccai_tbi/MultiTalentV2_finetuning/MICCAI_AIMS_TBI/scan_0206_Lesion.nii.gz,"(256, 256, 256)",,"(256, 256, 256)",0.0,[0.0],,True,True,False,True,False,matched_empty
0207,True,True,False,False,False,/data/data/DA25S005/miccai_tbi/MultiTalentV2_finetuning/MICCAI_AIMS_TBI/scan_0207_T1.nii.gz,/data/data/DA25S005/miccai_tbi/MultiTalentV2_finetuning/MICCAI_AIMS_TBI/scan_0207_Lesion.nii.gz,"(256, 256, 256)",,"(256, 256, 256)",0.0,[0.0],,True,True,False,True,False,matched_empty
0219,True,True,True,True,True,/data/data/DA25S005/miccai_tbi/MultiTalentV2_finetuning/MICCAI_AIMS_TBI/scan_0219_T1.nii.gz,/data/data/DA25S005/miccai_tbi/MultiTalentV2_finetuning/MICCAI_AIMS_TBI/scan_0219_Lesion.nii.gz,"(256, 256, 256)",,"(256, 256, 256)",0.0,[0.0],,True,True,False,True,False,matched_empty
0225,True,True,False,False,False,/data/data/DA25S005/miccai_tbi/MultiTalentV2_finetuning/MICCAI_AIMS_TBI/scan_0225_T1.nii.gz,/data/data/DA25S005/miccai_tbi/MultiTalentV2_finetuning/MICCAI_AIMS_TBI/scan_0225_Lesion.nii.gz,"(256, 256, 256)",,"(256, 256, 256)",0.0,[0.0],,True,True,False,True,False,matched_empty
0227,True,True,True,True,True,/data/data/DA25S005/miccai_tbi/MultiTalentV2_finetuning/MICCAI_AIMS_TBI/scan_0227_T1.nii.gz,/data/data/DA25S005/miccai_tbi/MultiTalentV2_finetuning/MICCAI_AIMS_TBI/scan_0227_Lesion.nii.gz,"(256, 256, 256)",,"(256, 256, 256)",0.0,[0.0],,True,True,False,True,False,matched_empty
0228,True,True,False,False,False,/data/data/DA25S005/miccai_tbi/MultiTalentV2_finetuning/MICCAI_AIMS_TBI/scan_0228_T1.nii.gz,/data/data/DA25S005/miccai_tbi/MultiTalentV2_finetuning/MICCAI_AIMS_TBI/scan_0228_Lesion.nii.gz,"(256, 256, 256)",,"(256, 256, 256)",0.0,[0.0],,True,True,False,True,False,matched_empty
0236,True,True,False,False,False,/data/data/DA25S005/miccai_tbi/MultiTalentV2_finetuning/MICCAI_AIMS_TBI/scan_0236_T1.nii.gz,/data/data/DA25S005/miccai_tbi/MultiTalentV2_finetuning/MICCAI_AIMS_TBI/scan_0236_Lesion.nii.gz,"(256, 256, 256)",,"(256, 256, 256)",0.0,[0.0],,True,True,False,True,False,matched_empty
0237,True,True,True,True,True,/data/data/DA25S005/miccai_tbi/MultiTalentV2_finetuning/MICCAI_AIMS_TBI/scan_0237_T1.nii.gz,/data/data/DA25S005/miccai_tbi/MultiTalentV2_finetuning/MICCAI_AIMS_TBI/scan_0237_Lesion.nii.gz,"(256, 256, 256)",,"(256, 256, 256)",0.0,[0.0],,True,True,False,True,False,matched_empty
0243,True,True,True,True,True,/data/data/DA25S005/miccai_tbi/MultiTalentV2_finetuning/MICCAI_AIMS_TBI/scan_0243_T1.nii.gz,/data/data/DA25S005/miccai_tbi/MultiTalentV2_finetuning/MICCAI_AIMS_TBI/scan_0243_Lesion.nii.gz,"(256, 200, 256)",,"(256, 200, 256)",0.0,[0.0],,True,True,False,True,False,matched_empty
0246,True,True,True,True,True,/data/data/DA25S005/miccai_tbi/MultiTalentV2_finetuning/MICCAI_AIMS_TBI/scan_0246_T1.nii.gz,/data/data/DA25S005/miccai_tbi/MultiTalentV2_finetuning/MICCAI_AIMS_TBI/scan_0246_Lesion.nii.gz,"(256, 256, 256)",,"(256, 256, 256)",0.0,[0.0],,True,True,False,True,False,matched_empty
0254,True,True,False,False,False,/data/data/DA25S005/miccai_tbi/MultiTalentV2_finetuning/MICCAI_AIMS_TBI/scan_0254_T1.nii.gz,/data/data/DA25S005/miccai_tbi/MultiTalentV2_finetuning/MICCAI_AIMS_TBI/scan_0254_Lesion.nii.gz,"(256, 256, 256)",,"(256, 256, 256)",0.0,[0.0],,True,True,False,True,False,matched_empty
0258,True,True,False,False,False,/data/data/DA25S005/miccai_tbi/MultiTalentV2_finetuning/MICCAI_AIMS_TBI/scan_0258_T1.nii.gz,/data/data/DA25S005/miccai_tbi/MultiTalentV2_finetuning/MICCAI_AIMS_TBI/scan_0258_Lesion.nii.gz,"(256, 256, 256)",,"(256, 256, 256)",0.0,[0.0],,True,True,False,True,False,matched_empty
0271,True,True,False,False,False,/data/data/DA25S005/miccai_tbi/MultiTalentV2_finetuning/MICCAI_AIMS_TBI/scan_0271_T1.nii.gz,/data/data/DA25S005/miccai_tbi/MultiTalentV2_finetuning/MICCAI_AIMS_TBI/scan_0271_Lesion.nii.gz,"(256, 256, 256)",,"(256, 256, 256)",0.0,[0.0],,True,True,False,True,False,matched_empty
0275,True,True,False,False,False,/data/data/DA25S005/miccai_tbi/MultiTalentV2_finetuning/MICCAI_AIMS_TBI/scan_0275_T1.nii.gz,/data/data/DA25S005/miccai_tbi/MultiTalentV2_finetuning/MICCAI_AIMS_TBI/scan_0275_Lesion.nii.gz,"(256, 256, 256)",,"(256, 256, 256)",0.0,[0.0],,True,True,False,True,False,matched_empty
0281,True,True,True,True,True,/data/data/DA25S005/miccai_tbi/MultiTalentV2_finetuning/MICCAI_AIMS_TBI/scan_0281_T1.nii.gz,/data/data/DA25S005/miccai_tbi/MultiTalentV2_finetuning/MICCAI_AIMS_TBI/scan_0281_Lesion.nii.gz,"(256, 256, 256)",,"(256, 256, 256)",0.0,[0.0],,True,True,False,True,False,matched_empty
0283,True,True,True,True,True,/data/data/DA25S005/miccai_tbi/MultiTalentV2_finetuning/MICCAI_AIMS_TBI/scan_0283_T1.nii.gz,/data/data/DA25S005/miccai_tbi/MultiTalentV2_finetuning/MICCAI_AIMS_TBI/scan_0283_Lesion.nii.gz,"(256, 256, 256)",,"(256, 256, 256)",0.0,[0.0],,True,True,False,True,False,matched_empty
0296,True,True,True,True,True,/data/data/DA25S005/miccai_tbi/MultiTalentV2_finetuning/MICCAI_AIMS_TBI/scan_0296_T1.nii.gz,/data/data/DA25S005/miccai_tbi/MultiTalentV2_finetuning/MICCAI_AIMS_TBI/scan_0296_Lesion.nii.gz,"(256, 256, 256)",,"(256, 256, 256)",0.0,[0.0],,True,True,False,True,False,matched_empty
0298,True,True,False,False,False,/data/data/DA25S005/miccai_tbi/MultiTalentV2_finetuning/MICCAI_AIMS_TBI/scan_0298_T1.nii.gz,/data/data/DA25S005/miccai_tbi/MultiTalentV2_finetuning/MICCAI_AIMS_TBI/scan_0298_Lesion.nii.gz,"(256, 256, 256)",,"(256, 256, 256)",0.0,[0.0],,True,True,False,True,False,matched_empty
0320,True,True,True,True,True,/data/data/DA25S005/miccai_tbi/MultiTalentV2_finetuning/MICCAI_AIMS_TBI/scan_0320_T1.nii.gz,/data/data/DA25S005/miccai_tbi/MultiTalentV2_finetuning/MICCAI_AIMS_TBI/scan_0320_Lesion.nii.gz,"(256, 256, 256)",,"(256, 256, 256)",0.0,[0.0],,True,True,False,True,False,matched_empty
0328,True,True,True,True,True,/data/data/DA25S005/miccai_tbi/MultiTalentV2_finetuning/MICCAI_AIMS_TBI/scan_0328_T1.nii.gz,/data/data/DA25S005/miccai_tbi/MultiTalentV2_finetuning/MICCAI_AIMS_TBI/scan_0328_Lesion.nii.gz,"(256, 190, 256)",,"(256, 190, 256)",0.0,[0.0],,True,True,False,True,False,matched_empty
0329,True,True,False,False,False,/data/data/DA25S005/miccai_tbi/MultiTalentV2_finetuning/MICCAI_AIMS_TBI/scan_0329_T1.nii.gz,/data/data/DA25S005/miccai_tbi/MultiTalentV2_finetuning/MICCAI_AIMS_TBI/scan_0329_Lesion.nii.gz,"(256, 256, 256)",,"(256, 256, 256)",0.0,[0.0],,True,True,False,True,False,matched_empty
0333,True,True,False,False,False,/data/data/DA25S005/miccai_tbi/MultiTalentV2_finetuning/MICCAI_AIMS_TBI/scan_0333_T1.nii.gz,/data/data/DA25S005/miccai_tbi/MultiTalentV2_finetuning/MICCAI_AIMS_TBI/scan_0333_Lesion.nii.gz,"(256, 256, 256)",,"(256, 256, 256)",0.0,[0.0],,True,True,False,True,False,matched_empty
0341,True,True,True,True,True,/data/data/DA25S005/miccai_tbi/MultiTalentV2_finetuning/MICCAI_AIMS_TBI/scan_0341_T1.nii.gz,/data/data/DA25S005/miccai_tbi/MultiTalentV2_finetuning/MICCAI_AIMS_TBI/scan_0341_Lesion.nii.gz,"(256, 256, 256)",,"(256, 256, 256)",0.0,[0.0],,True,True,False,True,False,matched_empty
0344,True,True,False,False,False,/data/data/DA25S005/miccai_tbi/MultiTalentV2_finetuning/MICCAI_AIMS_TBI/scan_0344_T1.nii.gz,/data/data/DA25S005/miccai_tbi/MultiTalentV2_finetuning/MICCAI_AIMS_TBI/scan_0344_Lesion.nii.gz,"(256, 256, 256)",,"(256, 256, 256)",0.0,[0.0],,True,True,False,True,False,matched_empty
0360,True,True,True,True,True,/data/data/DA25S005/miccai_tbi/MultiTalentV2_finetuning/MICCAI_AIMS_TBI/scan_0360_T1.nii.gz,/data/data/DA25S005/miccai_tbi/MultiTalentV2_finetuning/MICCAI_AIMS_TBI/scan_0360_Lesion.nii.gz,"(256, 256, 256)",,"(256, 256, 256)",0.0,[0.0],,True,True,False,True,False,matched_empty
0361,True,True,False,False,False,/data/data/DA25S005/miccai_tbi/MultiTalentV2_finetuning/MICCAI_AIMS_TBI/scan_0361_T1.nii.gz,/data/data/DA25S005/miccai_tbi/MultiTalentV2_finetuning/MICCAI_AIMS_TBI/scan_0361_Lesion.nii.gz,"(256, 256, 256)",,"(256, 256, 256)",0.0,[0.0],,True,True,False,True,False,matched_empty
0365,True,True,True,True,True,/data/data/DA25S005/miccai_tbi/MultiTalentV2_finetuning/MICCAI_AIMS_TBI/scan_0365_T1.nii.gz,/data/data/DA25S005/miccai_tbi/MultiTalentV2_finetuning/MICCAI_AIMS_TBI/scan_0365_Lesion.nii.gz,"(256, 256, 256)",,"(256, 256, 256)",0.0,[0.0],,True,True,False,True,False,matched_empty
0368,True,True,True,True,True,/data/data/DA25S005/miccai_tbi/MultiTalentV2_finetuning/MICCAI_AIMS_TBI/scan_0368_T1.nii.gz,/data/data/DA25S005/miccai_tbi/MultiTalentV2_finetuning/MICCAI_AIMS_TBI/scan_0368_Lesion.nii.gz,"(256, 256, 256)",,"(256, 256, 256)",0.0,[0.0],,True,True,False,True,False,matched_empty
0382,True,True,False,False,False,/data/data/DA25S005/miccai_tbi/MultiTalentV2_finetuning/MICCAI_AIMS_TBI/scan_0382_T1.nii.gz,/data/data/DA25S005/miccai_tbi/MultiTalentV2_finetuning/MICCAI_AIMS_TBI/scan_0382_Lesion.nii.gz,"(256, 256, 256)",,"(256, 256, 256)",0.0,[0.0],,True,True,False,True,False,matched_empty
0385,True,True,False,False,False,/data/data/DA25S005/miccai_tbi/MultiTalentV2_finetuning/MICCAI_AIMS_TBI/scan_0385_T1.nii.gz,/data/data/DA25S005/miccai_tbi/MultiTalentV2_finetuning/MICCAI_AIMS_TBI/scan_0385_Lesion.nii.gz,"(256, 256, 256)",,"(256, 256, 256)",0.0,[0.0],,True,True,False,True,False,matched_empty
0386,True,True,True,True,True,/data/data/DA25S005/miccai_tbi/MultiTalentV2_finetuning/MICCAI_AIMS_TBI/scan_0386_T1.nii.gz,/data/data/DA25S005/miccai_tbi/MultiTalentV2_finetuning/MICCAI_AIMS_TBI/scan_0386_Lesion.nii.gz,"(256, 256, 256)",,"(256, 256, 256)",0.0,[0.0],,True,True,False,True,False,matched_empty
0393,True,True,False,False,False,/data/data/DA25S005/miccai_tbi/MultiTalentV2_finetuning/MICCAI_AIMS_TBI/scan_0393_T1.nii.gz,/data/data/DA25S005/miccai_tbi/MultiTalentV2_finetuning/MICCAI_AIMS_TBI/scan_0393_Lesion.nii.gz,"(256, 256, 256)",,"(256, 256, 256)",0.0,[0.0],,True,True,False,True,False,matched_empty
0394,True,True,False,False,False,/data/data/DA25S005/miccai_tbi/MultiTalentV2_finetuning/MICCAI_AIMS_TBI/scan_0394_T1.nii.gz,/data/data/DA25S005/miccai_tbi/MultiTalentV2_finetuning/MICCAI_AIMS_TBI/scan_0394_Lesion.nii.gz,"(256, 256, 256)",,"(256, 256, 256)",0.0,[0.0],,True,True,False,True,False,matched_empty
0395,True,True,False,False,False,/data/data/DA25S005/miccai_tbi/MultiTalentV2_finetuning/MICCAI_AIMS_TBI/scan_0395_T1.nii.gz,/data/data/DA25S005/miccai_tbi/MultiTalentV2_finetuning/MICCAI_AIMS_TBI/scan_0395_Lesion.nii.gz,"(256, 256, 256)",,"(256, 256, 256)",0.0,[0.0],,True,True,False,True,False,matched_empty
0403,True,True,False,False,False,/data/data/DA25S005/miccai_tbi/MultiTalentV2_finetuning/MICCAI_AIMS_TBI/scan_0403_T1.nii.gz,/data/data/DA25S005/miccai_tbi/MultiTalentV2_finetuning/MICCAI_AIMS_TBI/scan_0403_Lesion.nii.gz,"(256, 256, 256)",,"(256, 256, 256)",0.0,[0.0],,True,True,False,True,False,matched_empty
0407,True,True,True,True,True,/data/data/DA25S005/miccai_tbi/MultiTalentV2_finetuning/MICCAI_AIMS_TBI/scan_0407_T1.nii.gz,/data/data/DA25S005/miccai_tbi/MultiTalentV2_finetuning/MICCAI_AIMS_TBI/scan_0407_Lesion.nii.gz,"(256, 256, 256)",,"(256, 256, 256)",0.0,[0.0],,True,True,False,True,False,matched_empty
0413,True,True,True,True,True,/data/data/DA25S005/miccai_tbi/MultiTalentV2_finetuning/MICCAI_AIMS_TBI/scan_0413_T1.nii.gz,/data/data/DA25S005/miccai_tbi/MultiTalentV2_finetuning/MICCAI_AIMS_TBI/scan_0413_Lesion.nii.gz,"(256, 256, 256)",,"(256, 256, 256)",0.0,[0.0],,True,True,False,True,False,matched_empty
0416,True,True,False,False,False,/data/data/DA25S005/miccai_tbi/MultiTalentV2_finetuning/MICCAI_AIMS_TBI/scan_0416_T1.nii.gz,/data/data/DA25S005/miccai_tbi/MultiTalentV2_finetuning/MICCAI_AIMS_TBI/scan_0416_Lesion.nii.gz,"(256, 256, 256)",,"(256, 256, 256)",0.0,[0.0],,True,True,False,True,False,matched_empty
0417,True,True,False,False,False,/data/data/DA25S005/miccai_tbi/MultiTalentV2_finetuning/MICCAI_AIMS_TBI/scan_0417_T1.nii.gz,/data/data/DA25S005/miccai_tbi/MultiTalentV2_finetuning/MICCAI_AIMS_TBI/scan_0417_Lesion.nii.gz,"(256, 256, 256)",,"(256, 256, 256)",0.0,[0.0],,True,True,False,True,False,matched_empty
0425,True,True,False,False,False,/data/data/DA25S005/miccai_tbi/MultiTalentV2_finetuning/MICCAI_AIMS_TBI/scan_0425_T1.nii.gz,/data/data/DA25S005/miccai_tbi/MultiTalentV2_finetuning/MICCAI_AIMS_TBI/scan_0425_Lesion.nii.gz,"(256, 256, 256)",,"(256, 256, 256)",0.0,[0.0],,True,True,False,True,False,matched_empty
0427,True,True,False,False,False,/data/data/DA25S005/miccai_tbi/MultiTalentV2_finetuning/MICCAI_AIMS_TBI/scan_0427_T1.nii.gz,/data/data/DA25S005/miccai_tbi/MultiTalentV2_finetuning/MICCAI_AIMS_TBI/scan_0427_Lesion.nii.gz,"(256, 256, 256)",,"(256, 256, 256)",0.0,[0.0],,True,True,False,True,False,matched_empty
0428,True,True,False,False,False,/data/data/DA25S005/miccai_tbi/MultiTalentV2_finetuning/MICCAI_AIMS_TBI/scan_0428_T1.nii.gz,/data/data/DA25S005/miccai_tbi/MultiTalentV2_finetuning/MICCAI_AIMS_TBI/scan_0428_Lesion.nii.gz,"(256, 256, 256)",,"(256, 256, 256)",0.0,[0.0],,True,True,False,True,False,matched_empty
0429,True,True,False,False,False,/data/data/DA25S005/miccai_tbi/MultiTalentV2_finetuning/MICCAI_AIMS_TBI/scan_0429_T1.nii.gz,/data/data/DA25S005/miccai_tbi/MultiTalentV2_finetuning/MICCAI_AIMS_TBI/scan_0429_Lesion.nii.gz,"(256, 256, 256)",,"(256, 256, 256)",0.0,[0.0],,True,True,False,True,False,matched_empty
0433,True,True,False,False,False,/data/data/DA25S005/miccai_tbi/MultiTalentV2_finetuning/MICCAI_AIMS_TBI/scan_0433_T1.nii.gz,/data/data/DA25S005/miccai_tbi/MultiTalentV2_finetuning/MICCAI_AIMS_TBI/scan_0433_Lesion.nii.gz,"(256, 256, 256)",,"(256, 256, 256)",0.0,[0.0],,True,True,False,True,False,matched_empty
0442,True,True,True,True,True,/data/data/DA25S005/miccai_tbi/MultiTalentV2_finetuning/MICCAI_AIMS_TBI/scan_0442_T1.nii.gz,/data/data/DA25S005/miccai_tbi/MultiTalentV2_finetuning/MICCAI_AIMS_TBI/scan_0442_Lesion.nii.gz,"(256, 256, 256)",,"(256, 256, 256)",0.0,[0.0],,True,True,False,True,False,matched_empty
0444,True,True,False,False,False,/data/data/DA25S005/miccai_tbi/MultiTalentV2_finetuning/MICCAI_AIMS_TBI/scan_0444_T1.nii.gz,/data/data/DA25S005/miccai_tbi/MultiTalentV2_finetuning/MICCAI_AIMS_TBI/scan_0444_Lesion.nii.gz,"(256, 256, 256)",,"(256, 256, 256)",0.0,[0.0],,True,True,False,True,False,matched_empty
0445,True,True,False,False,False,/data/data/DA25S005/miccai_tbi/MultiTalentV2_finetuning/MICCAI_AIMS_TBI/scan_0445_T1.nii.gz,/data/data/DA25S005/miccai_tbi/MultiTalentV2_finetuning/MICCAI_AIMS_TBI/scan_0445_Lesion.nii.gz,"(256, 256, 256)",,"(256, 256, 256)",0.0,[0.0],,True,True,False,True,False,matched_empty
0457,True,True,False,False,False,/data/data/DA25S005/miccai_tbi/MultiTalentV2_finetuning/MICCAI_AIMS_TBI/scan_0457_T1.nii.gz,/data/data/DA25S005/miccai_tbi/MultiTalentV2_finetuning/MICCAI_AIMS_TBI/scan_0457_Lesion.nii.gz,"(256, 256, 256)",,"(256, 256, 256)",0.0,[0.0],,True,True,False,True,False,matched_empty
0459,True,True,False,False,False,/data/data/DA25S005/miccai_tbi/MultiTalentV2_finetuning/MICCAI_AIMS_TBI/scan_0459_T1.nii.gz,/data/data/DA25S005/miccai_tbi/MultiTalentV2_finetuning/MICCAI_AIMS_TBI/scan_0459_Lesion.nii.gz,"(256, 256, 256)",,"(256, 256, 256)",0.0,[0.0],,True,True,False,True,False,matched_empty
0462,True,True,True,True,True,/data/data/DA25S005/miccai_tbi/MultiTalentV2_finetuning/MICCAI_AIMS_TBI/scan_0462_T1.nii.gz,/data/data/DA25S005/miccai_tbi/MultiTalentV2_finetuning/MICCAI_AIMS_TBI/scan_0462_Lesion.nii.gz,"(256, 256, 256)",,"(256, 256, 256)",0.0,[0.0],,True,True,False,True,False,matched_empty
0468,True,True,True,True,True,/data/data/DA25S005/miccai_tbi/MultiTalentV2_finetuning/MICCAI_AIMS_TBI/scan_0468_T1.nii.gz,/data/data/DA25S005/miccai_tbi/MultiTalentV2_finetuning/MICCAI_AIMS_TBI/scan_0468_Lesion.nii.gz,"(256, 256, 256)",,"(256, 256, 256)",0.0,[0.0],,True,True,False,True,False,matched_empty
0475,True,True,True,True,True,/data/data/DA25S005/miccai_tbi/MultiTalentV2_finetuning/MICCAI_AIMS_TBI/scan_0475_T1.nii.gz,/data/data/DA25S005/miccai_tbi/MultiTalentV2_finetuning/MICCAI_AIMS_TBI/scan_0475_Lesion.nii.gz,"(256, 256, 256)",,"(256, 256, 256)",0.0,[0.0],,True,True,False,True,False,matched_empty
0476,True,True,False,False,False,/data/data/DA25S005/miccai_tbi/MultiTalentV2_finetuning/MICCAI_AIMS_TBI/scan_0476_T1.nii.gz,/data/data/DA25S005/miccai_tbi/MultiTalentV2_finetuning/MICCAI_AIMS_TBI/scan_0476_Lesion.nii.gz,"(256, 256, 256)",,"(256, 256, 256)",0.0,[0.0],,True,True,False,True,False,matched_empty
0478,True,True,True,True,True,/data/data/DA25S005/miccai_tbi/MultiTalentV2_finetuning/MICCAI_AIMS_TBI/scan_0478_T1.nii.gz,/data/data/DA25S005/miccai_tbi/MultiTalentV2_finetuning/MICCAI_AIMS_TBI/scan_0478_Lesion.nii.gz,"(256, 256, 256)",,"(256, 256, 256)",0.0,[0.0],,True,True,False,True,False,matched_empty
0483,True,True,False,False,False,/data/data/DA25S005/miccai_tbi/MultiTalentV2_finetuning/MICCAI_AIMS_TBI/scan_0483_T1.nii.gz,/data/data/DA25S005/miccai_tbi/MultiTalentV2_finetuning/MICCAI_AIMS_TBI/scan_0483_Lesion.nii.gz,"(256, 256, 256)",,"(256, 256, 256)",0.0,[0.0],,True,True,False,True,False,matched_empty
0485,True,True,False,False,False,/data/data/DA25S005/miccai_tbi/MultiTalentV2_finetuning/MICCAI_AIMS_TBI/scan_0485_T1.nii.gz,/data/data/DA25S005/miccai_tbi/MultiTalentV2_finetuning/MICCAI_AIMS_TBI/scan_0485_Lesion.nii.gz,"(256, 256, 256)",,"(256, 256, 256)",0.0,[0.0],,True,True,False,True,False,matched_empty
0503,True,True,False,False,False,/data/data/DA25S005/miccai_tbi/MultiTalentV2_finetuning/MICCAI_AIMS_TBI/scan_0503_T1.nii.gz,/data/data/DA25S005/miccai_tbi/MultiTalentV2_finetuning/MICCAI_AIMS_TBI/scan_0503_Lesion.nii.gz,"(256, 256, 256)",,"(256, 256, 256)",0.0,[0.0],,True,True,False,True,False,matched_empty
0504,True,True,False,False,False,/data/data/DA25S005/miccai_tbi/MultiTalentV2_finetuning/MICCAI_AIMS_TBI/scan_0504_T1.nii.gz,/data/data/DA25S005/miccai_tbi/MultiTalentV2_finetuning/MICCAI_AIMS_TBI/scan_0504_Lesion.nii.gz,"(256, 256, 256)",,"(256, 256, 256)",0.0,[0.0],,True,True,False,True,False,matched_empty
0505,True,True,False,False,False,/data/data/DA25S005/miccai_tbi/MultiTalentV2_finetuning/MICCAI_AIMS_TBI/scan_0505_T1.nii.gz,/data/data/DA25S005/miccai_tbi/MultiTalentV2_finetuning/MICCAI_AIMS_TBI/scan_0505_Lesion.nii.gz,"(256, 256, 256)",,"(256, 256, 256)",0.0,[0.0],,True,True,False,True,False,matched_empty
0507,True,True,True,True,True,/data/data/DA25S005/miccai_tbi/MultiTalentV2_finetuning/MICCAI_AIMS_TBI/scan_0507_T1.nii.gz,/data/data/DA25S005/miccai_tbi/MultiTalentV2_finetuning/MICCAI_AIMS_TBI/scan_0507_Lesion.nii.gz,"(256, 256, 256)",,"(256, 256, 256)",0.0,[0.0],,True,True,False,True,False,matched_empty
0508,True,True,False,False,False,/data/data/DA25S005/miccai_tbi/MultiTalentV2_finetuning/MICCAI_AIMS_TBI/scan_0508_T1.nii.gz,/data/data/DA25S005/miccai_tbi/MultiTalentV2_finetuning/MICCAI_AIMS_TBI/scan_0508_Lesion.nii.gz,"(256, 256, 256)",,"(256, 256, 256)",0.0,[0.0],,True,True,False,True,False,matched_empty
0513,True,True,True,True,True,/data/data/DA25S005/miccai_tbi/MultiTalentV2_finetuning/MICCAI_AIMS_TBI/scan_0513_T1.nii.gz,/data/data/DA25S005/miccai_tbi/MultiTalentV2_finetuning/MICCAI_AIMS_TBI/scan_0513_Lesion.nii.gz,"(256, 256, 256)",,"(256, 256, 256)",0.0,[0.0],,True,True,False,True,False,matched_empty
0517,True,True,False,False,False,/data/data/DA25S005/miccai_tbi/MultiTalentV2_finetuning/MICCAI_AIMS_TBI/scan_0517_T1.nii.gz,/data/data/DA25S005/miccai_tbi/MultiTalentV2_finetuning/MICCAI_AIMS_TBI/scan_0517_Lesion.nii.gz,"(256, 256, 256)",,"(256, 256, 256)",0.0,[0.0],,True,True,False,True,False,matched_empty
0519,True,True,True,True,True,/data/data/DA25S005/miccai_tbi/MultiTalentV2_finetuning/MICCAI_AIMS_TBI/scan_0519_T1.nii.gz,/data/data/DA25S005/miccai_tbi/MultiTalentV2_finetuning/MICCAI_AIMS_TBI/scan_0519_Lesion.nii.gz,"(256, 256, 256)",,"(256, 256, 256)",0.0,[0.0],,True,True,False,True,False,matched_empty
0523,True,True,True,True,True,/data/data/DA25S005/miccai_tbi/MultiTalentV2_finetuning/MICCAI_AIMS_TBI/scan_0523_T1.nii.gz,/data/data/DA25S005/miccai_tbi/MultiTalentV2_finetuning/MICCAI_AIMS_TBI/scan_0523_Lesion.nii.gz,"(256, 256, 256)",,"(256, 256, 256)",0.0,[0.0],,True,True,False,True,False,matched_empty
0526,True,True,False,False,False,/data/data/DA25S005/miccai_tbi/MultiTalentV2_finetuning/MICCAI_AIMS_TBI/scan_0526_T1.nii.gz,/data/data/DA25S005/miccai_tbi/MultiTalentV2_finetuning/MICCAI_AIMS_TBI/scan_0526_Lesion.nii.gz,"(256, 256, 256)",,"(256, 256, 256)",0.0,[0.0],,True,True,False,True,False,matched_empty
0530,True,True,False,False,False,/data/data/DA25S005/miccai_tbi/MultiTalentV2_finetuning/MICCAI_AIMS_TBI/scan_0530_T1.nii.gz,/data/data/DA25S005/miccai_tbi/MultiTalentV2_finetuning/MICCAI_AIMS_TBI/scan_0530_Lesion.nii.gz,"(256, 256, 256)",,"(256, 256, 256)",0.0,[0.0],,True,True,False,True,False,matched_empty
0545,True,True,True,True,True,/data/data/DA25S005/miccai_tbi/MultiTalentV2_finetuning/MICCAI_AIMS_TBI/scan_0545_T1.nii.gz,/data/data/DA25S005/miccai_tbi/MultiTalentV2_finetuning/MICCAI_AIMS_TBI/scan_0545_Lesion.nii.gz,"(256, 256, 256)",,"(256, 256, 256)",0.0,[0.0],,True,True,False,True,False,matched_empty
0553,True,True,True,True,True,/data/data/DA25S005/miccai_tbi/MultiTalentV2_finetuning/MICCAI_AIMS_TBI/scan_0553_T1.nii.gz,/data/data/DA25S005/miccai_tbi/MultiTalentV2_finetuning/MICCAI_AIMS_TBI/scan_0553_Lesion.nii.gz,"(256, 256, 256)",,"(256, 256, 256)",0.0,[0.0],,True,True,False,True,False,matched_empty
0557,True,True,False,False,False,/data/data/DA25S005/miccai_tbi/MultiTalentV2_finetuning/MICCAI_AIMS_TBI/scan_0557_T1.nii.gz,/data/data/DA25S005/miccai_tbi/MultiTalentV2_finetuning/MICCAI_AIMS_TBI/scan_0557_Lesion.nii.gz,"(256, 256, 256)",,"(256, 256, 256)",0.0,[0.0],,True,True,False,True,False,matched_empty
0559,True,True,True,True,True,/data/data/DA25S005/miccai_tbi/MultiTalentV2_finetuning/MICCAI_AIMS_TBI/scan_0559_T1.nii.gz,/data/data/DA25S005/miccai_tbi/MultiTalentV2_finetuning/MICCAI_AIMS_TBI/scan_0559_Lesion.nii.gz,"(256, 256, 256)",,"(256, 256, 256)",0.0,[0.0],,True,True,False,True,False,matched_empty
0561,True,True,False,False,False,/data/data/DA25S005/miccai_tbi/MultiTalentV2_finetuning/MICCAI_AIMS_TBI/scan_0561_T1.nii.gz,/data/data/DA25S005/miccai_tbi/MultiTalentV2_finetuning/MICCAI_AIMS_TBI/scan_0561_Lesion.nii.gz,"(256, 256, 256)",,"(256, 256, 256)",0.0,[0.0],,True,True,False,True,False,matched_empty
0564,True,True,True,True,True,/data/data/DA25S005/miccai_tbi/MultiTalentV2_finetuning/MICCAI_AIMS_TBI/scan_0564_T1.nii.gz,/data/data/DA25S005/miccai_tbi/MultiTalentV2_finetuning/MICCAI_AIMS_TBI/scan_0564_Lesion.nii.gz,"(256, 256, 256)",,"(256, 256, 256)",0.0,[0.0],,True,True,False,True,False,matched_empty
0565,True,True,False,False,False,/data/data/DA25S005/miccai_tbi/MultiTalentV2_finetuning/MICCAI_AIMS_TBI/scan_0565_T1.nii.gz,/data/data/DA25S005/miccai_tbi/MultiTalentV2_finetuning/MICCAI_AIMS_TBI/scan_0565_Lesion.nii.gz,"(256, 256, 256)",,"(256, 256, 256)",0.0,[0.0],,True,True,False,True,False,matched_empty
0566,True,True,True,True,True,/data/data/DA25S005/miccai_tbi/MultiTalentV2_finetuning/MICCAI_AIMS_TBI/scan_0566_T1.nii.gz,/data/data/DA25S005/miccai_tbi/MultiTalentV2_finetuning/MICCAI_AIMS_TBI/scan_0566_Lesion.nii.gz,"(256, 256, 256)",,"(256, 256, 256)",0.0,[0.0],,True,True,False,True,False,matched_empty
0567,True,True,True,True,True,/data/data/DA25S005/miccai_tbi/MultiTalentV2_finetuning/MICCAI_AIMS_TBI/scan_0567_T1.nii.gz,/data/data/DA25S005/miccai_tbi/MultiTalentV2_finetuning/MICCAI_AIMS_TBI/scan_0567_Lesion.nii.gz,"(256, 256, 256)",,"(256, 256, 256)",0.0,[0.0],,True,True,False,True,False,matched_empty
0581,True,True,True,True,True,/data/data/DA25S005/miccai_tbi/MultiTalentV2_finetuning/MICCAI_AIMS_TBI/scan_0581_T1.nii.gz,/data/data/DA25S005/miccai_tbi/MultiTalentV2_finetuning/MICCAI_AIMS_TBI/scan_0581_Lesion.nii.gz,"(256, 256, 256)",,"(256, 256, 256)",0.0,[0.0],,True,True,False,True,False,matched_empty
0582,True,True,False,False,False,/data/data/DA25S005/miccai_tbi/MultiTalentV2_finetuning/MICCAI_AIMS_TBI/scan_0582_T1.nii.gz,/data/data/DA25S005/miccai_tbi/MultiTalentV2_finetuning/MICCAI_AIMS_TBI/scan_0582_Lesion.nii.gz,"(256, 256, 256)",,"(256, 256, 256)",0.0,[0.0],,True,True,False,True,False,matched_empty
0588,True,True,False,False,False,/data/data/DA25S005/miccai_tbi/MultiTalentV2_finetuning/MICCAI_AIMS_TBI/scan_0588_T1.nii.gz,/data/data/DA25S005/miccai_tbi/MultiTalentV2_finetuning/MICCAI_AIMS_TBI/scan_0588_Lesion.nii.gz,"(256, 256, 256)",,"(256, 256, 256)",0.0,[0.0],,True,True,False,True,False,matched_empty
0590,True,True,True,True,True,/data/data/DA25S005/miccai_tbi/MultiTalentV2_finetuning/MICCAI_AIMS_TBI/scan_0590_T1.nii.gz,/data/data/DA25S005/miccai_tbi/MultiTalentV2_finetuning/MICCAI_AIMS_TBI/scan_0590_Lesion.nii.gz,"(256, 256, 256)",,"(256, 256, 256)",0.0,[0.0],,True,True,False,True,False,matched_empty
0591,True,True,False,False,False,/data/data/DA25S005/miccai_tbi/MultiTalentV2_finetuning/MICCAI_AIMS_TBI/scan_0591_T1.nii.gz,/data/data/DA25S005/miccai_tbi/MultiTalentV2_finetuning/MICCAI_AIMS_TBI/scan_0591_Lesion.nii.gz,"(256, 256, 256)",,"(256, 256, 256)",0.0,[0.0],,True,True,False,True,False,matched_empty
0592,True,True,False,False,False,/data/data/DA25S005/miccai_tbi/MultiTalentV2_finetuning/MICCAI_AIMS_TBI/scan_0592_T1.nii.gz,/data/data/DA25S005/miccai_tbi/MultiTalentV2_finetuning/MICCAI_AIMS_TBI/scan_0592_Lesion.nii.gz,"(256, 256, 256)",,"(256, 256, 256)",0.0,[0.0],,True,True,False,True,False,matched_empty
0605,True,True,True,True,True,/data/data/DA25S005/miccai_tbi/MultiTalentV2_finetuning/MICCAI_AIMS_TBI/scan_0605_T1.nii.gz,/data/data/DA25S005/miccai_tbi/MultiTalentV2_finetuning/MICCAI_AIMS_TBI/scan_0605_Lesion.nii.gz,"(256, 256, 256)",,"(256, 256, 256)",0.0,[0.0],,True,True,False,True,False,matched_empty
0612,True,True,False,False,False,/data/data/DA25S005/miccai_tbi/MultiTalentV2_finetuning/MICCAI_AIMS_TBI/scan_0612_T1.nii.gz,/data/data/DA25S005/miccai_tbi/MultiTalentV2_finetuning/MICCAI_AIMS_TBI/scan_0612_Lesion.nii.gz,"(256, 256, 256)",,"(256, 256, 256)",0.0,[0.0],,True,True,False,True,False,matched_empty
0613,True,True,False,False,False,/data/data/DA25S005/miccai_tbi/MultiTalentV2_finetuning/MICCAI_AIMS_TBI/scan_0613_T1.nii.gz,/data/data/DA25S005/miccai_tbi/MultiTalentV2_finetuning/MICCAI_AIMS_TBI/scan_0613_Lesion.nii.gz,"(256, 256, 256)",,"(256, 256, 256)",0.0,[0.0],,True,True,False,True,False,matched_empty
0614,True,True,True,True,True,/data/data/DA25S005/miccai_tbi/MultiTalentV2_finetuning/MICCAI_AIMS_TBI/scan_0614_T1.nii.gz,/data/data/DA25S005/miccai_tbi/MultiTalentV2_finetuning/MICCAI_AIMS_TBI/scan_0614_Lesion.nii.gz,"(256, 256, 256)",,"(256, 256, 256)",0.0,[0.0],,True,True,False,True,False,matched_empty
0615,True,True,True,True,True,/data/data/DA25S005/miccai_tbi/MultiTalentV2_finetuning/MICCAI_AIMS_TBI/scan_0615_T1.nii.gz,/data/data/DA25S005/miccai_tbi/MultiTalentV2_finetuning/MICCAI_AIMS_TBI/scan_0615_Lesion.nii.gz,"(256, 256, 256)",,"(256, 256, 256)",0.0,[0.0],,True,True,False,True,False,matched_empty
0616,True,True,False,False,False,/data/data/DA25S005/miccai_tbi/MultiTalentV2_finetuning/MICCAI_AIMS_TBI/scan_0616_T1.nii.gz,/data/data/DA25S005/miccai_tbi/MultiTalentV2_finetuning/MICCAI_AIMS_TBI/scan_0616_Lesion.nii.gz,"(256, 256, 256)",,"(256, 256, 256)",0.0,[0.0],,True,True,False,True,False,matched_empty
0619,True,True,False,False,False,/data/data/DA25S005/miccai_tbi/MultiTalentV2_finetuning/MICCAI_AIMS_TBI/scan_0619_T1.nii.gz,/data/data/DA25S005/miccai_tbi/MultiTalentV2_finetuning/MICCAI_AIMS_TBI/scan_0619_Lesion.nii.gz,"(256, 256, 256)",,"(256, 256, 256)",0.0,[0.0],,True,True,False,True,False,matched_empty
0627,True,True,True,True,True,/data/data/DA25S005/miccai_tbi/MultiTalentV2_finetuning/MICCAI_AIMS_TBI/scan_0627_T1.nii.gz,/data/data/DA25S005/miccai_tbi/MultiTalentV2_finetuning/MICCAI_AIMS_TBI/scan_0627_Lesion.nii.gz,"(256, 256, 256)",,"(256, 256, 256)",0.0,[0.0],,True,True,False,True,False,matched_empty
0629,True,True,True,True,True,/data/data/DA25S005/miccai_tbi/MultiTalentV2_finetuning/MICCAI_AIMS_TBI/scan_0629_T1.nii.gz,/data/data/DA25S005/miccai_tbi/MultiTalentV2_finetuning/MICCAI_AIMS_TBI/scan_0629_Lesion.nii.gz,"(256, 256, 256)",,"(256, 256, 256)",0.0,[0.0],,True,True,False,True,False,matched_empty
0632,True,True,False,False,False,/data/data/DA25S005/miccai_tbi/MultiTalentV2_finetuning/MICCAI_AIMS_TBI/scan_0632_T1.nii.gz,/data/data/DA25S005/miccai_tbi/MultiTalentV2_finetuning/MICCAI_AIMS_TBI/scan_0632_Lesion.nii.gz,"(256, 256, 256)",,"(256, 256, 256)",0.0,[0.0],,True,True,False,True,False,matched_empty
0633,True,True,True,True,True,/data/data/DA25S005/miccai_tbi/MultiTalentV2_finetuning/MICCAI_AIMS_TBI/scan_0633_T1.nii.gz,/data/data/DA25S005/miccai_tbi/MultiTalentV2_finetuning/MICCAI_AIMS_TBI/scan_0633_Lesion.nii.gz,"(256, 256, 256)",,"(256, 256, 256)",0.0,[0.0],,True,True,False,True,False,matched_empty
0635,True,True,False,False,False,/data/data/DA25S005/miccai_tbi/MultiTalentV2_finetuning/MICCAI_AIMS_TBI/scan_0635_T1.nii.gz,/data/data/DA25S005/miccai_tbi/MultiTalentV2_finetuning/MICCAI_AIMS_TBI/scan_0635_Lesion.nii.gz,"(256, 256, 256)",,"(256, 256, 256)",0.0,[0.0],,True,True,False,True,False,matched_empty
0637,True,True,True,True,True,/data/data/DA25S005/miccai_tbi/MultiTalentV2_finetuning/MICCAI_AIMS_TBI/scan_0637_T1.nii.gz,/data/data/DA25S005/miccai_tbi/MultiTalentV2_finetuning/MICCAI_AIMS_TBI/scan_0637_Lesion.nii.gz,"(256, 256, 256)",,"(256, 256, 256)",0.0,[0.0],,True,True,False,True,False,matched_empty
0639,True,True,True,True,True,/data/data/DA25S005/miccai_tbi/MultiTalentV2_finetuning/MICCAI_AIMS_TBI/scan_0639_T1.nii.gz,/data/data/DA25S005/miccai_tbi/MultiTalentV2_finetuning/MICCAI_AIMS_TBI/scan_0639_Lesion.nii.gz,"(256, 256, 256)",,"(256, 256, 256)",0.0,[0.0],,True,True,False,True,False,matched_empty
0640,True,True,False,False,False,/data/data/DA25S005/miccai_tbi/MultiTalentV2_finetuning/MICCAI_AIMS_TBI/scan_0640_T1.nii.gz,/data/data/DA25S005/miccai_tbi/MultiTalentV2_finetuning/MICCAI_AIMS_TBI/scan_0640_Lesion.nii.gz,"(256, 256, 256)",,"(256, 256, 256)",0.0,[0.0],,True,True,False,True,False,matched_empty
0650,True,True,False,False,False,/data/data/DA25S005/miccai_tbi/MultiTalentV2_finetuning/MICCAI_AIMS_TBI/scan_0650_T1.nii.gz,/data/data/DA25S005/miccai_tbi/MultiTalentV2_finetuning/MICCAI_AIMS_TBI/scan_0650_Lesion.nii.gz,"(256, 256, 256)",,"(256, 256, 256)",0.0,[0.0],,True,True,False,True,False,matched_empty
0656,True,True,False,False,False,/data/data/DA25S005/miccai_tbi/MultiTalentV2_finetuning/MICCAI_AIMS_TBI/scan_0656_T1.nii.gz,/data/data/DA25S005/miccai_tbi/MultiTalentV2_finetuning/MICCAI_AIMS_TBI/scan_0656_Lesion.nii.gz,"(256, 256, 256)",,"(256, 256, 256)",0.0,[0.0],,True,True,False,True,False,matched_empty
0660,True,True,False,False,False,/data/data/DA25S005/miccai_tbi/MultiTalentV2_finetuning/MICCAI_AIMS_TBI/scan_0660_T1.nii.gz,/data/data/DA25S005/miccai_tbi/MultiTalentV2_finetuning/MICCAI_AIMS_TBI/scan_0660_Lesion.nii.gz,"(256, 256, 256)",,"(256, 256, 256)",0.0,[0.0],,True,True,False,True,False,matched_empty
0664,True,True,True,True,True,/data/data/DA25S005/miccai_tbi/MultiTalentV2_finetuning/MICCAI_AIMS_TBI/scan_0664_T1.nii.gz,/data/data/DA25S005/miccai_tbi/MultiTalentV2_finetuning/MICCAI_AIMS_TBI/scan_0664_Lesion.nii.gz,"(256, 170, 256)",,"(256, 170, 256)",0.0,[0.0],,True,True,False,True,False,matched_empty
0669,True,True,False,False,False,/data/data/DA25S005/miccai_tbi/MultiTalentV2_finetuning/MICCAI_AIMS_TBI/scan_0669_T1.nii.gz,/data/data/DA25S005/miccai_tbi/MultiTalentV2_finetuning/MICCAI_AIMS_TBI/scan_0669_Lesion.nii.gz,"(256, 256, 256)",,"(256, 256, 256)",0.0,[0.0],,True,True,False,True,False,matched_empty
0671,True,True,False,False,False,/data/data/DA25S005/miccai_tbi/MultiTalentV2_finetuning/MICCAI_AIMS_TBI/scan_0671_T1.nii.gz,/data/data/DA25S005/miccai_tbi/MultiTalentV2_finetuning/MICCAI_AIMS_TBI/scan_0671_Lesion.nii.gz,"(256, 256, 256)",,"(256, 256, 256)",0.0,[0.0],,True,True,False,True,False,matched_empty
0674,True,True,True,True,True,/data/data/DA25S005/miccai_tbi/MultiTalentV2_finetuning/MICCAI_AIMS_TBI/scan_0674_T1.nii.gz,/data/data/DA25S005/miccai_tbi/MultiTalentV2_finetuning/MICCAI_AIMS_TBI/scan_0674_Lesion.nii.gz,"(256, 256, 256)",,"(256, 256, 256)",0.0,[0.0],,True,True,False,True,False,matched_empty
0687,True,True,True,True,True,/data/data/DA25S005/miccai_tbi/MultiTalentV2_finetuning/MICCAI_AIMS_TBI/scan_0687_T1.nii.gz,/data/data/DA25S005/miccai_tbi/MultiTalentV2_finetuning/MICCAI_AIMS_TBI/scan_0687_Lesion.nii.gz,"(256, 256, 256)",,"(256, 256, 256)",0.0,[0.0],,True,True,False,True,False,matched_empty
0692,True,True,True,True,True,/data/data/DA25S005/miccai_tbi/MultiTalentV2_finetuning/MICCAI_AIMS_TBI/scan_0692_T1.nii.gz,/data/data/DA25S005/miccai_tbi/MultiTalentV2_finetuning/MICCAI_AIMS_TBI/scan_0692_Lesion.nii.gz,"(256, 256, 256)",,"(256, 256, 256)",0.0,[0.0],,True,True,False,True,False,matched_empty
0694,True,True,False,False,False,/data/data/DA25S005/miccai_tbi/MultiTalentV2_finetuning/MICCAI_AIMS_TBI/scan_0694_T1.nii.gz,/data/data/DA25S005/miccai_tbi/MultiTalentV2_finetuning/MICCAI_AIMS_TBI/scan_0694_Lesion.nii.gz,"(256, 256, 256)",,"(256, 256, 256)",0.0,[0.0],,True,True,False,True,False,matched_empty
0696,True,True,False,False,False,/data/data/DA25S005/miccai_tbi/MultiTalentV2_finetuning/MICCAI_AIMS_TBI/scan_0696_T1.nii.gz,/data/data/DA25S005/miccai_tbi/MultiTalentV2_finetuning/MICCAI_AIMS_TBI/scan_0696_Lesion.nii.gz,"(256, 256, 256)",,"(256, 256, 256)",0.0,[0.0],,True,True,False,True,False,matched_empty
