case_id,status,image_path,lesion_mask_path
scan_0003,matched,/data/data/DA25S005/miccai_tbi/MultiTalentV2_finetuning/Validation2025_100/Validation2025_100/scan_0003.nii.gz,/data/data/DA25S005/miccai_tbi/MultiTalentV2_finetuning/Validation2025_100/Validation2025_100/scan_0003_lesion.nii.gz
scan_0005,matched,/data/data/DA25S005/miccai_tbi/MultiTalentV2_finetuning/Validation2025_100/Validation2025_100/scan_0005.nii.gz,/data/data/DA25S005/miccai_tbi/MultiTalentV2_finetuning/Validation2025_100/Validation2025_100/scan_0005_lesion.nii.gz
scan_0011,matched,/data/data/DA25S005/miccai_tbi/MultiTalentV2_finetuning/Validation2025_100/Validation2025_100/scan_0011.nii.gz,/data/data/DA25S005/miccai_tbi/MultiTalentV2_finetuning/Validation2025_100/Validation2025_100/scan_0011_lesion.nii.gz
scan_0012,matched,/data/data/DA25S005/miccai_tbi/MultiTalentV2_finetuning/Validation2025_100/Validation2025_100/scan_0012.nii.gz,/data/data/DA25S005/miccai_tbi/MultiTalentV2_finetuning/Validation2025_100/Validation2025_100/scan_0012_lesion.nii.gz
scan_0013,matched,/data/data/DA25S005/miccai_tbi/MultiTalentV2_finetuning/Validation2025_100/Validation2025_100/scan_0013.nii.gz,/data/data/DA25S005/miccai_tbi/MultiTalentV2_finetuning/Validation2025_100/Validation2025_100/scan_0013_lesion.nii.gz
scan_0014,matched,/data/data/DA25S005/miccai_tbi/MultiTalentV2_finetuning/Validation2025_100/Validation2025_100/scan_0014.nii.gz,/data/data/DA25S005/miccai_tbi/MultiTalentV2_finetuning/Validation2025_100/Validation2025_100/scan_0014_lesion.nii.gz
scan_0018,matched,/data/data/DA25S005/miccai_tbi/MultiTalentV2_finetuning/Validation2025_100/Validation2025_100/scan_0018.nii.gz,/data/data/DA25S005/miccai_tbi/MultiTalentV2_finetuning/Validation2025_100/Validation2025_100/scan_0018_lesion.nii.gz
scan_0022,matched,/data/data/DA25S005/miccai_tbi/MultiTalentV2_finetuning/Validation2025_100/Validation2025_100/scan_0022.nii.gz,/data/data/DA25S005/miccai_tbi/MultiTalentV2_finetuning/Validation2025_100/Validation2025_100/scan_0022_lesion.nii.gz
scan_0025,matched,/data/data/DA25S005/miccai_tbi/MultiTalentV2_finetuning/Validation2025_100/Validation2025_100/scan_0025.nii.gz,/data/data/DA25S005/miccai_tbi/MultiTalentV2_finetuning/Validation2025_100/Validation2025_100/scan_0025_lesion.nii.gz
scan_0030,matched,/data/data/DA25S005/miccai_tbi/MultiTalentV2_finetuning/Validation2025_100/Validation2025_100/scan_0030.nii.gz,/data/data/DA25S005/miccai_tbi/MultiTalentV2_finetuning/Validation2025_100/Validation2025_100/scan_0030_lesion.nii.gz
scan_0032,matched,/data/data/DA25S005/miccai_tbi/MultiTalentV2_finetuning/Validation2025_100/Validation2025_100/scan_0032.nii.gz,/data/data/DA25S005/miccai_tbi/MultiTalentV2_finetuning/Validation2025_100/Validation2025_100/scan_0032_lesion.nii.gz
scan_0035,matched,/data/data/DA25S005/miccai_tbi/MultiTalentV2_finetuning/Validation2025_100/Validation2025_100/scan_0035.nii.gz,/data/data/DA25S005/miccai_tbi/MultiTalentV2_finetuning/Validation2025_100/Validation2025_100/scan_0035_lesion.nii.gz
scan_0037,matched,/data/data/DA25S005/miccai_tbi/MultiTalentV2_finetuning/Validation2025_100/Validation2025_100/scan_0037.nii.gz,/data/data/DA25S005/miccai_tbi/MultiTalentV2_finetuning/Validation2025_100/Validation2025_100/scan_0037_lesion.nii.gz
scan_0039,matched,/data/data/DA25S005/miccai_tbi/MultiTalentV2_finetuning/Validation2025_100/Validation2025_100/scan_0039.nii.gz,/data/data/DA25S005/miccai_tbi/MultiTalentV2_finetuning/Validation2025_100/Validation2025_100/scan_0039_lesion.nii.gz
scan_0043,matched,/data/data/DA25S005/miccai_tbi/MultiTalentV2_finetuning/Validation2025_100/Validation2025_100/scan_0043.nii.gz,/data/data/DA25S005/miccai_tbi/MultiTalentV2_finetuning/Validation2025_100/Validation2025_100/scan_0043_lesion.nii.gz
scan_0046,matched,/data/data/DA25S005/miccai_tbi/MultiTalentV2_finetuning/Validation2025_100/Validation2025_100/scan_0046.nii.gz,/data/data/DA25S005/miccai_tbi/MultiTalentV2_finetuning/Validation2025_100/Validation2025_100/scan_0046_lesion.nii.gz
scan_0051,matched,/data/data/DA25S005/miccai_tbi/MultiTalentV2_finetuning/Validation2025_100/Validation2025_100/scan_0051.nii.gz,/data/data/DA25S005/miccai_tbi/MultiTalentV2_finetuning/Validation2025_100/Validation2025_100/scan_0051_lesion.nii.gz
scan_0054,matched,/data/data/DA25S005/miccai_tbi/MultiTalentV2_finetuning/Validation2025_100/Validation2025_100/scan_0054.nii.gz,/data/data/DA25S005/miccai_tbi/MultiTalentV2_finetuning/Validation2025_100/Validation2025_100/scan_0054_lesion.nii.gz
scan_0055,matched,/data/data/DA25S005/miccai_tbi/MultiTalentV2_finetuning/Validation2025_100/Validation2025_100/scan_0055.nii.gz,/data/data/DA25S005/miccai_tbi/MultiTalentV2_finetuning/Validation2025_100/Validation2025_100/scan_0055_lesion.nii.gz
scan_0066,matched,/data/data/DA25S005/miccai_tbi/MultiTalentV2_finetuning/Validation2025_100/Validation2025_100/scan_0066.nii.gz,/data/data/DA25S005/miccai_tbi/MultiTalentV2_finetuning/Validation2025_100/Validation2025_100/scan_0066_lesion.nii.gz
scan_0067,matched,/data/data/DA25S005/miccai_tbi/MultiTalentV2_finetuning/Validation2025_100/Validation2025_100/scan_0067.nii.gz,/data/data/DA25S005/miccai_tbi/MultiTalentV2_finetuning/Validation2025_100/Validation2025_100/scan_0067_lesion.nii.gz
scan_0071,matched,/data/data/DA25S005/miccai_tbi/MultiTalentV2_finetuning/Validation2025_100/Validation2025_100/scan_0071.nii.gz,/data/data/DA25S005/miccai_tbi/MultiTalentV2_finetuning/Validation2025_100/Validation2025_100/scan_0071_lesion.nii.gz
scan_0075,matched,/data/data/DA25S005/miccai_tbi/MultiTalentV2_finetuning/Validation2025_100/Validation2025_100/scan_0075.nii.gz,/data/data/DA25S005/miccai_tbi/MultiTalentV2_finetuning/Validation2025_100/Validation2025_100/scan_0075_lesion.nii.gz
scan_0076,matched,/data/data/DA25S005/miccai_tbi/MultiTalentV2_finetuning/Validation2025_100/Validation2025_100/scan_0076.nii.gz,/data/data/DA25S005/miccai_tbi/MultiTalentV2_finetuning/Validation2025_100/Validation2025_100/scan_0076_lesion.nii.gz
scan_0078,matched,/data/data/DA25S005/miccai_tbi/MultiTalentV2_finetuning/Validation2025_100/Validation2025_100/scan_0078.nii.gz,/data/data/DA25S005/miccai_tbi/MultiTalentV2_finetuning/Validation2025_100/Validation2025_100/scan_0078_lesion.nii.gz
scan_0081,matched,/data/data/DA25S005/miccai_tbi/MultiTalentV2_finetuning/Validation2025_100/Validation2025_100/scan_0081.nii.gz,/data/data/DA25S005/miccai_tbi/MultiTalentV2_finetuning/Validation2025_100/Validation2025_100/scan_0081_lesion.nii.gz
scan_0083,matched,/data/data/DA25S005/miccai_tbi/MultiTalentV2_finetuning/Validation2025_100/Validation2025_100/scan_0083.nii.gz,/data/data/DA25S005/miccai_tbi/MultiTalentV2_finetuning/Validation2025_100/Validation2025_100/scan_0083_lesion.nii.gz
scan_0085,matched,/data/data/DA25S005/miccai_tbi/MultiTalentV2_finetuning/Validation2025_100/Validation2025_100/scan_0085.nii.gz,/data/data/DA25S005/miccai_tbi/MultiTalentV2_finetuning/Validation2025_100/Validation2025_100/scan_0085_lesion.nii.gz
scan_0092,matched,/data/data/DA25S005/miccai_tbi/MultiTalentV2_finetuning/Validation2025_100/Validation2025_100/scan_0092.nii.gz,/data/data/DA25S005/miccai_tbi/MultiTalentV2_finetuning/Validation2025_100/Validation2025_100/scan_0092_lesion.nii.gz
scan_0095,matched,/data/data/DA25S005/miccai_tbi/MultiTalentV2_finetuning/Validation2025_100/Validation2025_100/scan_0095.nii.gz,/data/data/DA25S005/miccai_tbi/MultiTalentV2_finetuning/Validation2025_100/Validation2025_100/scan_0095_lesion.nii.gz
scan_0111,matched,/data/data/DA25S005/miccai_tbi/MultiTalentV2_finetuning/Validation2025_100/Validation2025_100/scan_0111.nii.gz,/data/data/DA25S005/miccai_tbi/MultiTalentV2_finetuning/Validation2025_100/Validation2025_100/scan_0111_lesion.nii.gz
scan_0117,matched,/data/data/DA25S005/miccai_tbi/MultiTalentV2_finetuning/Validation2025_100/Validation2025_100/scan_0117.nii.gz,/data/data/DA25S005/miccai_tbi/MultiTalentV2_finetuning/Validation2025_100/Validation2025_100/scan_0117_lesion.nii.gz
scan_0124,matched,/data/data/DA25S005/miccai_tbi/MultiTalentV2_finetuning/Validation2025_100/Validation2025_100/scan_0124.nii.gz,/data/data/DA25S005/miccai_tbi/MultiTalentV2_finetuning/Validation2025_100/Validation2025_100/scan_0124_lesion.nii.gz
scan_0128,matched,/data/data/DA25S005/miccai_tbi/MultiTalentV2_finetuning/Validation2025_100/Validation2025_100/scan_0128.nii.gz,/data/data/DA25S005/miccai_tbi/MultiTalentV2_finetuning/Validation2025_100/Validation2025_100/scan_0128_lesion.nii.gz
scan_0132,matched,/data/data/DA25S005/miccai_tbi/MultiTalentV2_finetuning/Validation2025_100/Validation2025_100/scan_0132.nii.gz,/data/data/DA25S005/miccai_tbi/MultiTalentV2_finetuning/Validation2025_100/Validation2025_100/scan_0132_lesion.nii.gz
scan_0135,matched,/data/data/DA25S005/miccai_tbi/MultiTalentV2_finetuning/Validation2025_100/Validation2025_100/scan_0135.nii.gz,/data/data/DA25S005/miccai_tbi/MultiTalentV2_finetuning/Validation2025_100/Validation2025_100/scan_0135_lesion.nii.gz
scan_0136,matched,/data/data/DA25S005/miccai_tbi/MultiTalentV2_finetuning/Validation2025_100/Validation2025_100/scan_0136.nii.gz,/data/data/DA25S005/miccai_tbi/MultiTalentV2_finetuning/Validation2025_100/Validation2025_100/scan_0136_lesion.nii.gz
scan_0137,matched,/data/data/DA25S005/miccai_tbi/MultiTalentV2_finetuning/Validation2025_100/Validation2025_100/scan_0137.nii.gz,/data/data/DA25S005/miccai_tbi/MultiTalentV2_finetuning/Validation2025_100/Validation2025_100/scan_0137_lesion.nii.gz
scan_0143,matched,/data/data/DA25S005/miccai_tbi/MultiTalentV2_finetuning/Validation2025_100/Validation2025_100/scan_0143.nii.gz,/data/data/DA25S005/miccai_tbi/MultiTalentV2_finetuning/Validation2025_100/Validation2025_100/scan_0143_lesion.nii.gz
scan_0151,matched,/data/data/DA25S005/miccai_tbi/MultiTalentV2_finetuning/Validation2025_100/Validation2025_100/scan_0151.nii.gz,/data/data/DA25S005/miccai_tbi/MultiTalentV2_finetuning/Validation2025_100/Validation2025_100/scan_0151_lesion.nii.gz
scan_0154,matched,/data/data/DA25S005/miccai_tbi/MultiTalentV2_finetuning/Validation2025_100/Validation2025_100/scan_0154.nii.gz,/data/data/DA25S005/miccai_tbi/MultiTalentV2_finetuning/Validation2025_100/Validation2025_100/scan_0154_lesion.nii.gz
scan_0162,matched,/data/data/DA25S005/miccai_tbi/MultiTalentV2_finetuning/Validation2025_100/Validation2025_100/scan_0162.nii.gz,/data/data/DA25S005/miccai_tbi/MultiTalentV2_finetuning/Validation2025_100/Validation2025_100/scan_0162_lesion.nii.gz
scan_0165,matched,/data/data/DA25S005/miccai_tbi/MultiTalentV2_finetuning/Validation2025_100/Validation2025_100/scan_0165.nii.gz,/data/data/DA25S005/miccai_tbi/MultiTalentV2_finetuning/Validation2025_100/Validation2025_100/scan_0165_lesion.nii.gz
scan_0170,matched,/data/data/DA25S005/miccai_tbi/MultiTalentV2_finetuning/Validation2025_100/Validation2025_100/scan_0170.nii.gz,/data/data/DA25S005/miccai_tbi/MultiTalentV2_finetuning/Validation2025_100/Validation2025_100/scan_0170_lesion.nii.gz
scan_0172,matched,/data/data/DA25S005/miccai_tbi/MultiTalentV2_finetuning/Validation2025_100/Validation2025_100/scan_0172.nii.gz,/data/data/DA25S005/miccai_tbi/MultiTalentV2_finetuning/Validation2025_100/Validation2025_100/scan_0172_lesion.nii.gz
scan_0176,matched,/data/data/DA25S005/miccai_tbi/MultiTalentV2_finetuning/Validation2025_100/Validation2025_100/scan_0176.nii.gz,/data/data/DA25S005/miccai_tbi/MultiTalentV2_finetuning/Validation2025_100/Validation2025_100/scan_0176_lesion.nii.gz
scan_0184,matched,/data/data/DA25S005/miccai_tbi/MultiTalentV2_finetuning/Validation2025_100/Validation2025_100/scan_0184.nii.gz,/data/data/DA25S005/miccai_tbi/MultiTalentV2_finetuning/Validation2025_100/Validation2025_100/scan_0184_lesion.nii.gz
scan_0186,matched,/data/data/DA25S005/miccai_tbi/MultiTalentV2_finetuning/Validation2025_100/Validation2025_100/scan_0186.nii.gz,/data/data/DA25S005/miccai_tbi/MultiTalentV2_finetuning/Validation2025_100/Validation2025_100/scan_0186_lesion.nii.gz
scan_0198,matched,/data/data/DA25S005/miccai_tbi/MultiTalentV2_finetuning/Validation2025_100/Validation2025_100/scan_0198.nii.gz,/data/data/DA25S005/miccai_tbi/MultiTalentV2_finetuning/Validation2025_100/Validation2025_100/scan_0198_lesion.nii.gz
scan_0208,matched,/data/data/DA25S005/miccai_tbi/MultiTalentV2_finetuning/Validation2025_100/Validation2025_100/scan_0208.nii.gz,/data/data/DA25S005/miccai_tbi/MultiTalentV2_finetuning/Validation2025_100/Validation2025_100/scan_0208_lesion.nii.gz
scan_0215,matched,/data/data/DA25S005/miccai_tbi/MultiTalentV2_finetuning/Validation2025_100/Validation2025_100/scan_0215.nii.gz,/data/data/DA25S005/miccai_tbi/MultiTalentV2_finetuning/Validation2025_100/Validation2025_100/scan_0215_lesion.nii.gz
scan_0216,matched,/data/data/DA25S005/miccai_tbi/MultiTalentV2_finetuning/Validation2025_100/Validation2025_100/scan_0216.nii.gz,/data/data/DA25S005/miccai_tbi/MultiTalentV2_finetuning/Validation2025_100/Validation2025_100/scan_0216_lesion.nii.gz
scan_0221,matched,/data/data/DA25S005/miccai_tbi/MultiTalentV2_finetuning/Validation2025_100/Validation2025_100/scan_0221.nii.gz,/data/data/DA25S005/miccai_tbi/MultiTalentV2_finetuning/Validation2025_100/Validation2025_100/scan_0221_lesion.nii.gz
scan_0223,matched,/data/data/DA25S005/miccai_tbi/MultiTalentV2_finetuning/Validation2025_100/Validation2025_100/scan_0223.nii.gz,/data/data/DA25S005/miccai_tbi/MultiTalentV2_finetuning/Validation2025_100/Validation2025_100/scan_0223_lesion.nii.gz
scan_0230,matched,/data/data/DA25S005/miccai_tbi/MultiTalentV2_finetuning/Validation2025_100/Validation2025_100/scan_0230.nii.gz,/data/data/DA25S005/miccai_tbi/MultiTalentV2_finetuning/Validation2025_100/Validation2025_100/scan_0230_lesion.nii.gz
scan_0231,matched,/data/data/DA25S005/miccai_tbi/MultiTalentV2_finetuning/Validation2025_100/Validation2025_100/scan_0231.nii.gz,/data/data/DA25S005/miccai_tbi/MultiTalentV2_finetuning/Validation2025_100/Validation2025_100/scan_0231_lesion.nii.gz
scan_0232,matched,/data/data/DA25S005/miccai_tbi/MultiTalentV2_finetuning/Validation2025_100/Validation2025_100/scan_0232.nii.gz,/data/data/DA25S005/miccai_tbi/MultiTalentV2_finetuning/Validation2025_100/Validation2025_100/scan_0232_lesion.nii.gz
scan_0235,matched,/data/data/DA25S005/miccai_tbi/MultiTalentV2_finetuning/Validation2025_100/Validation2025_100/scan_0235.nii.gz,/data/data/DA25S005/miccai_tbi/MultiTalentV2_finetuning/Validation2025_100/Validation2025_100/scan_0235_lesion.nii.gz
scan_0242,matched,/data/data/DA25S005/miccai_tbi/MultiTalentV2_finetuning/Validation2025_100/Validation2025_100/scan_0242.nii.gz,/data/data/DA25S005/miccai_tbi/MultiTalentV2_finetuning/Validation2025_100/Validation2025_100/scan_0242_lesion.nii.gz
scan_0250,matched,/data/data/DA25S005/miccai_tbi/MultiTalentV2_finetuning/Validation2025_100/Validation2025_100/scan_0250.nii.gz,/data/data/DA25S005/miccai_tbi/MultiTalentV2_finetuning/Validation2025_100/Validation2025_100/scan_0250_lesion.nii.gz
scan_0253,matched,/data/data/DA25S005/miccai_tbi/MultiTalentV2_finetuning/Validation2025_100/Validation2025_100/scan_0253.nii.gz,/data/data/DA25S005/miccai_tbi/MultiTalentV2_finetuning/Validation2025_100/Validation2025_100/scan_0253_lesion.nii.gz
scan_0257,matched,/data/data/DA25S005/miccai_tbi/MultiTalentV2_finetuning/Validation2025_100/Validation2025_100/scan_0257.nii.gz,/data/data/DA25S005/miccai_tbi/MultiTalentV2_finetuning/Validation2025_100/Validation2025_100/scan_0257_lesion.nii.gz
scan_0260,matched,/data/data/DA25S005/miccai_tbi/MultiTalentV2_finetuning/Validation2025_100/Validation2025_100/scan_0260.nii.gz,/data/data/DA25S005/miccai_tbi/MultiTalentV2_finetuning/Validation2025_100/Validation2025_100/scan_0260_lesion.nii.gz
scan_0262,matched,/data/data/DA25S005/miccai_tbi/MultiTalentV2_finetuning/Validation2025_100/Validation2025_100/scan_0262.nii.gz,/data/data/DA25S005/miccai_tbi/MultiTalentV2_finetuning/Validation2025_100/Validation2025_100/scan_0262_lesion.nii.gz
scan_0263,matched,/data/data/DA25S005/miccai_tbi/MultiTalentV2_finetuning/Validation2025_100/Validation2025_100/scan_0263.nii.gz,/data/data/DA25S005/miccai_tbi/MultiTalentV2_finetuning/Validation2025_100/Validation2025_100/scan_0263_lesion.nii.gz
scan_0265,matched,/data/data/DA25S005/miccai_tbi/MultiTalentV2_finetuning/Validation2025_100/Validation2025_100/scan_0265.nii.gz,/data/data/DA25S005/miccai_tbi/MultiTalentV2_finetuning/Validation2025_100/Validation2025_100/scan_0265_lesion.nii.gz
scan_0266,matched,/data/data/DA25S005/miccai_tbi/MultiTalentV2_finetuning/Validation2025_100/Validation2025_100/scan_0266.nii.gz,/data/data/DA25S005/miccai_tbi/MultiTalentV2_finetuning/Validation2025_100/Validation2025_100/scan_0266_lesion.nii.gz
scan_0268,matched,/data/data/DA25S005/miccai_tbi/MultiTalentV2_finetuning/Validation2025_100/Validation2025_100/scan_0268.nii.gz,/data/data/DA25S005/miccai_tbi/MultiTalentV2_finetuning/Validation2025_100/Validation2025_100/scan_0268_lesion.nii.gz
scan_0274,matched,/data/data/DA25S005/miccai_tbi/MultiTalentV2_finetuning/Validation2025_100/Validation2025_100/scan_0274.nii.gz,/data/data/DA25S005/miccai_tbi/MultiTalentV2_finetuning/Validation2025_100/Validation2025_100/scan_0274_lesion.nii.gz
scan_0276,matched,/data/data/DA25S005/miccai_tbi/MultiTalentV2_finetuning/Validation2025_100/Validation2025_100/scan_0276.nii.gz,/data/data/DA25S005/miccai_tbi/MultiTalentV2_finetuning/Validation2025_100/Validation2025_100/scan_0276_lesion.nii.gz
scan_0280,matched,/data/data/DA25S005/miccai_tbi/MultiTalentV2_finetuning/Validation2025_100/Validation2025_100/scan_0280.nii.gz,/data/data/DA25S005/miccai_tbi/MultiTalentV2_finetuning/Validation2025_100/Validation2025_100/scan_0280_lesion.nii.gz
scan_0282,matched,/data/data/DA25S005/miccai_tbi/MultiTalentV2_finetuning/Validation2025_100/Validation2025_100/scan_0282.nii.gz,/data/data/DA25S005/miccai_tbi/MultiTalentV2_finetuning/Validation2025_100/Validation2025_100/scan_0282_lesion.nii.gz
scan_0286,matched,/data/data/DA25S005/miccai_tbi/MultiTalentV2_finetuning/Validation2025_100/Validation2025_100/scan_0286.nii.gz,/data/data/DA25S005/miccai_tbi/MultiTalentV2_finetuning/Validation2025_100/Validation2025_100/scan_0286_lesion.nii.gz
scan_0287,matched,/data/data/DA25S005/miccai_tbi/MultiTalentV2_finetuning/Validation2025_100/Validation2025_100/scan_0287.nii.gz,/data/data/DA25S005/miccai_tbi/MultiTalentV2_finetuning/Validation2025_100/Validation2025_100/scan_0287_lesion.nii.gz
scan_0293,matched,/data/data/DA25S005/miccai_tbi/MultiTalentV2_finetuning/Validation2025_100/Validation2025_100/scan_0293.nii.gz,/data/data/DA25S005/miccai_tbi/MultiTalentV2_finetuning/Validation2025_100/Validation2025_100/scan_0293_lesion.nii.gz
scan_0295,matched,/data/data/DA25S005/miccai_tbi/MultiTalentV2_finetuning/Validation2025_100/Validation2025_100/scan_0295.nii.gz,/data/data/DA25S005/miccai_tbi/MultiTalentV2_finetuning/Validation2025_100/Validation2025_100/scan_0295_lesion.nii.gz
scan_0300,matched,/data/data/DA25S005/miccai_tbi/MultiTalentV2_finetuning/Validation2025_100/Validation2025_100/scan_0300.nii.gz,/data/data/DA25S005/miccai_tbi/MultiTalentV2_finetuning/Validation2025_100/Validation2025_100/scan_0300_lesion.nii.gz
scan_0304,matched,/data/data/DA25S005/miccai_tbi/MultiTalentV2_finetuning/Validation2025_100/Validation2025_100/scan_0304.nii.gz,/data/data/DA25S005/miccai_tbi/MultiTalentV2_finetuning/Validation2025_100/Validation2025_100/scan_0304_lesion.nii.gz
scan_0305,matched,/data/data/DA25S005/miccai_tbi/MultiTalentV2_finetuning/Validation2025_100/Validation2025_100/scan_0305.nii.gz,/data/data/DA25S005/miccai_tbi/MultiTalentV2_finetuning/Validation2025_100/Validation2025_100/scan_0305_lesion.nii.gz
scan_0317,matched,/data/data/DA25S005/miccai_tbi/MultiTalentV2_finetuning/Validation2025_100/Validation2025_100/scan_0317.nii.gz,/data/data/DA25S005/miccai_tbi/MultiTalentV2_finetuning/Validation2025_100/Validation2025_100/scan_0317_lesion.nii.gz
scan_0319,matched,/data/data/DA25S005/miccai_tbi/MultiTalentV2_finetuning/Validation2025_100/Validation2025_100/scan_0319.nii.gz,/data/data/DA25S005/miccai_tbi/MultiTalentV2_finetuning/Validation2025_100/Validation2025_100/scan_0319_lesion.nii.gz
scan_0325,matched,/data/data/DA25S005/miccai_tbi/MultiTalentV2_finetuning/Validation2025_100/Validation2025_100/scan_0325.nii.gz,/data/data/DA25S005/miccai_tbi/MultiTalentV2_finetuning/Validation2025_100/Validation2025_100/scan_0325_lesion.nii.gz
scan_0327,matched,/data/data/DA25S005/miccai_tbi/MultiTalentV2_finetuning/Validation2025_100/Validation2025_100/scan_0327.nii.gz,/data/data/DA25S005/miccai_tbi/MultiTalentV2_finetuning/Validation2025_100/Validation2025_100/scan_0327_lesion.nii.gz
scan_0332,matched,/data/data/DA25S005/miccai_tbi/MultiTalentV2_finetuning/Validation2025_100/Validation2025_100/scan_0332.nii.gz,/data/data/DA25S005/miccai_tbi/MultiTalentV2_finetuning/Validation2025_100/Validation2025_100/scan_0332_lesion.nii.gz
scan_0337,matched,/data/data/DA25S005/miccai_tbi/MultiTalentV2_finetuning/Validation2025_100/Validation2025_100/scan_0337.nii.gz,/data/data/DA25S005/miccai_tbi/MultiTalentV2_finetuning/Validation2025_100/Validation2025_100/scan_0337_lesion.nii.gz
scan_0338,matched,/data/data/DA25S005/miccai_tbi/MultiTalentV2_finetuning/Validation2025_100/Validation2025_100/scan_0338.nii.gz,/data/data/DA25S005/miccai_tbi/MultiTalentV2_finetuning/Validation2025_100/Validation2025_100/scan_0338_lesion.nii.gz
scan_0339,matched,/data/data/DA25S005/miccai_tbi/MultiTalentV2_finetuning/Validation2025_100/Validation2025_100/scan_0339.nii.gz,/data/data/DA25S005/miccai_tbi/MultiTalentV2_finetuning/Validation2025_100/Validation2025_100/scan_0339_lesion.nii.gz
scan_0342,matched,/data/data/DA25S005/miccai_tbi/MultiTalentV2_finetuning/Validation2025_100/Validation2025_100/scan_0342.nii.gz,/data/data/DA25S005/miccai_tbi/MultiTalentV2_finetuning/Validation2025_100/Validation2025_100/scan_0342_lesion.nii.gz
scan_0345,matched,/data/data/DA25S005/miccai_tbi/MultiTalentV2_finetuning/Validation2025_100/Validation2025_100/scan_0345.nii.gz,/data/data/DA25S005/miccai_tbi/MultiTalentV2_finetuning/Validation2025_100/Validation2025_100/scan_0345_lesion.nii.gz
scan_0348,matched,/data/data/DA25S005/miccai_tbi/MultiTalentV2_finetuning/Validation2025_100/Validation2025_100/scan_0348.nii.gz,/data/data/DA25S005/miccai_tbi/MultiTalentV2_finetuning/Validation2025_100/Validation2025_100/scan_0348_lesion.nii.gz
scan_0349,matched,/data/data/DA25S005/miccai_tbi/MultiTalentV2_finetuning/Validation2025_100/Validation2025_100/scan_0349.nii.gz,/data/data/DA25S005/miccai_tbi/MultiTalentV2_finetuning/Validation2025_100/Validation2025_100/scan_0349_lesion.nii.gz
scan_0352,matched,/data/data/DA25S005/miccai_tbi/MultiTalentV2_finetuning/Validation2025_100/Validation2025_100/scan_0352.nii.gz,/data/data/DA25S005/miccai_tbi/MultiTalentV2_finetuning/Validation2025_100/Validation2025_100/scan_0352_lesion.nii.gz
scan_0355,matched,/data/data/DA25S005/miccai_tbi/MultiTalentV2_finetuning/Validation2025_100/Validation2025_100/scan_0355.nii.gz,/data/data/DA25S005/miccai_tbi/MultiTalentV2_finetuning/Validation2025_100/Validation2025_100/scan_0355_lesion.nii.gz
scan_0356,matched,/data/data/DA25S005/miccai_tbi/MultiTalentV2_finetuning/Validation2025_100/Validation2025_100/scan_0356.nii.gz,/data/data/DA25S005/miccai_tbi/MultiTalentV2_finetuning/Validation2025_100/Validation2025_100/scan_0356_lesion.nii.gz
scan_0357,matched,/data/data/DA25S005/miccai_tbi/MultiTalentV2_finetuning/Validation2025_100/Validation2025_100/scan_0357.nii.gz,/data/data/DA25S005/miccai_tbi/MultiTalentV2_finetuning/Validation2025_100/Validation2025_100/scan_0357_lesion.nii.gz
scan_0364,matched,/data/data/DA25S005/miccai_tbi/MultiTalentV2_finetuning/Validation2025_100/Validation2025_100/scan_0364.nii.gz,/data/data/DA25S005/miccai_tbi/MultiTalentV2_finetuning/Validation2025_100/Validation2025_100/scan_0364_lesion.nii.gz
scan_0378,matched,/data/data/DA25S005/miccai_tbi/MultiTalentV2_finetuning/Validation2025_100/Validation2025_100/scan_0378.nii.gz,/data/data/DA25S005/miccai_tbi/MultiTalentV2_finetuning/Validation2025_100/Validation2025_100/scan_0378_lesion.nii.gz
scan_0383,matched,/data/data/DA25S005/miccai_tbi/MultiTalentV2_finetuning/Validation2025_100/Validation2025_100/scan_0383.nii.gz,/data/data/DA25S005/miccai_tbi/MultiTalentV2_finetuning/Validation2025_100/Validation2025_100/scan_0383_lesion.nii.gz
scan_0384,matched,/data/data/DA25S005/miccai_tbi/MultiTalentV2_finetuning/Validation2025_100/Validation2025_100/scan_0384.nii.gz,/data/data/DA25S005/miccai_tbi/MultiTalentV2_finetuning/Validation2025_100/Validation2025_100/scan_0384_lesion.nii.gz
scan_0388,matched,/data/data/DA25S005/miccai_tbi/MultiTalentV2_finetuning/Validation2025_100/Validation2025_100/scan_0388.nii.gz,/data/data/DA25S005/miccai_tbi/MultiTalentV2_finetuning/Validation2025_100/Validation2025_100/scan_0388_lesion.nii.gz
scan_0570,matched,/data/data/DA25S005/miccai_tbi/MultiTalentV2_finetuning/Validation2025_100/Validation2025_100/scan_0570.nii.gz,/data/data/DA25S005/miccai_tbi/MultiTalentV2_finetuning/Validation2025_100/Validation2025_100/scan_0570_lesion.nii.gz
scan_0778,matched,/data/data/DA25S005/miccai_tbi/MultiTalentV2_finetuning/Validation2025_100/Validation2025_100/scan_0778.nii.gz,/data/data/DA25S005/miccai_tbi/MultiTalentV2_finetuning/Validation2025_100/Validation2025_100/scan_0778_lesion.nii.gz
scan_1015,matched,/data/data/DA25S005/miccai_tbi/MultiTalentV2_finetuning/Validation2025_100/Validation2025_100/scan_1015.nii.gz,/data/data/DA25S005/miccai_tbi/MultiTalentV2_finetuning/Validation2025_100/Validation2025_100/scan_1015_lesion.nii.gz
